id,CO2_working_capacity [mL/g]
pretest_1,72.24583
pretest_2,151.88112
pretest_3,202.31049
pretest_4,63.725563
pretest_5,94.75296
pretest_6,325.67813
pretest_7,109.509766
pretest_8,67.04884
pretest_9,59.598167
pretest_10,453.63425
pretest_11,224.5806
pretest_12,206.39784
pretest_13,102.25418
pretest_14,257.78723
pretest_15,235.15167
pretest_16,72.38837
pretest_17,58.26426
pretest_18,57.251984
pretest_19,66.2475
pretest_20,163.59312
pretest_21,52.174118
pretest_22,232.72409
pretest_23,165.64561
pretest_24,110.02775
pretest_25,151.62148
pretest_26,193.22554
pretest_27,74.312904
pretest_28,103.16751
pretest_29,58.168068
pretest_30,109.51177
pretest_31,180.28142
pretest_32,61.996277
pretest_33,101.25208
pretest_34,64.86223
pretest_35,93.900406
pretest_36,116.75947
pretest_37,81.12742
pretest_38,68.03597
pretest_39,101.9223
pretest_40,139.5264
pretest_41,85.96379
pretest_42,259.50598
pretest_43,82.300606
pretest_44,267.32556
pretest_45,148.11597
pretest_46,139.35835
pretest_47,80.50335
pretest_48,157.21504
pretest_49,133.34343
pretest_50,46.552773
pretest_51,104.00684
pretest_52,106.23753
pretest_53,66.97246
pretest_54,154.8846
pretest_55,130.02103
pretest_56,75.28178
pretest_57,72.82275
pretest_58,91.11319
pretest_59,182.0925
pretest_60,74.88324
pretest_61,179.6016
pretest_62,72.05459
pretest_63,87.97469
pretest_64,190.82713
pretest_65,80.2304
pretest_66,152.27399
pretest_67,113.25456
pretest_68,166.80867
pretest_69,225.91513
pretest_70,69.18803
pretest_71,337.95212
pretest_72,124.00134
pretest_73,72.400696
pretest_74,181.01312
pretest_75,244.0559
pretest_76,173.84602
pretest_77,287.0821
pretest_78,97.96927
pretest_79,108.542786
pretest_80,101.045166
pretest_81,104.62082
pretest_82,142.54373
pretest_83,92.730095
pretest_84,217.03511
pretest_85,105.39979
pretest_86,59.92682
pretest_87,105.050766
pretest_88,155.54803
pretest_89,79.62541
pretest_90,195.84721
pretest_91,104.60461
pretest_92,188.09018
pretest_93,131.76938
pretest_94,208.63678
pretest_95,65.08061
pretest_96,165.3816
pretest_97,71.88286
pretest_98,81.120224
pretest_99,137.36696
pretest_100,74.46687
pretest_101,71.098785
pretest_102,89.770996
pretest_103,105.18731
pretest_104,146.43884
pretest_105,66.47772
pretest_106,85.86401
pretest_107,108.6451
pretest_108,201.15602
pretest_109,69.082245
pretest_110,75.9351
pretest_111,102.88485
pretest_112,156.8453
pretest_113,230.06812
pretest_114,81.0532
pretest_115,100.52303
pretest_116,96.27625
pretest_117,132.72498
pretest_118,123.62198
pretest_119,279.92206
pretest_120,90.60191
pretest_121,80.12079
pretest_122,145.66272
pretest_123,128.31758
pretest_124,110.75167
pretest_125,164.17294
pretest_126,47.628002
pretest_127,123.01088
pretest_128,211.56296
pretest_129,76.22885
pretest_130,159.91736
pretest_131,192.50633
pretest_132,80.32005
pretest_133,283.116
pretest_134,74.279884
pretest_135,187.544
pretest_136,227.18434
pretest_137,196.9745
pretest_138,134.21832
pretest_139,88.15505
pretest_140,67.413864
pretest_141,96.887985
pretest_142,57.815548
pretest_143,87.98396
pretest_144,86.820015
pretest_145,62.636436
pretest_146,106.16684
pretest_147,83.54614
pretest_148,197.21365
pretest_149,117.19172
pretest_150,90.050705
pretest_151,71.63579
pretest_152,190.99826
pretest_153,90.75685
pretest_154,80.21132
pretest_155,383.05945
pretest_156,261.63162
pretest_157,72.977036
pretest_158,231.51514
pretest_159,101.22852
pretest_160,228.1507
pretest_161,179.84421
pretest_162,122.57336
pretest_163,115.27555
pretest_164,106.696075
pretest_165,133.8273
pretest_166,264.21024
pretest_167,327.79242
pretest_168,212.13388
pretest_169,86.04913
pretest_170,158.27802
pretest_171,213.00616
pretest_172,90.80264
pretest_173,103.81251
pretest_174,141.27118
pretest_175,175.82687
pretest_176,81.20637
pretest_177,80.453415
pretest_178,68.53502
pretest_179,112.57402
pretest_180,84.32391
pretest_181,74.98614
pretest_182,50.849743
pretest_183,119.019844
pretest_184,166.51627
pretest_185,83.25639
pretest_186,76.18416
pretest_187,88.26417
pretest_188,62.029343
pretest_189,137.74629
pretest_190,114.69151
pretest_191,75.9838
pretest_192,64.89697
pretest_193,85.288574
pretest_194,129.74474
pretest_195,182.83315
pretest_196,67.84876
pretest_197,197.51857
pretest_198,47.273598
pretest_199,62.10624
pretest_200,104.499245
pretest_201,83.995735
pretest_202,138.81207
pretest_203,47.37354
pretest_204,69.81737
pretest_205,85.05061
pretest_206,98.263664
pretest_207,61.647995
pretest_208,196.1521
pretest_209,74.55831
pretest_210,156.22627
pretest_211,62.15448
pretest_212,144.47089
pretest_213,200.99869
pretest_214,135.99065
pretest_215,74.24845
pretest_216,103.213745
pretest_217,76.93912
pretest_218,76.71255
pretest_219,153.243
pretest_220,63.000015
pretest_221,81.248795
pretest_222,236.29463
pretest_223,79.333206
pretest_224,95.70454
pretest_225,72.437744
pretest_226,129.28491
pretest_227,88.66041
pretest_228,73.41246
pretest_229,269.54282
pretest_230,136.29695
pretest_231,78.43805
pretest_232,96.55044
pretest_233,64.376724
pretest_234,75.354965
pretest_235,115.64984
pretest_236,204.49104
pretest_237,94.59793
pretest_238,74.30211
pretest_239,142.13194
pretest_240,120.053215
pretest_241,99.3228
pretest_242,230.03848
pretest_243,140.62016
pretest_244,89.92452
pretest_245,118.31994
pretest_246,59.482697
pretest_247,77.810104
pretest_248,75.248405
pretest_249,185.0816
pretest_250,112.45819
pretest_251,109.76302
pretest_252,307.77847
pretest_253,256.13754
pretest_254,159.20757
pretest_255,263.78662
pretest_256,261.4908
pretest_257,121.16356
pretest_258,122.1444
pretest_259,321.90265
pretest_260,199.45576
pretest_261,64.5972
pretest_262,85.129295
pretest_263,150.1156
pretest_264,104.96366
pretest_265,167.17615
pretest_266,105.152145
pretest_267,206.6406
pretest_268,67.53421
pretest_269,56.93358
pretest_270,120.45596
pretest_271,79.83865
pretest_272,143.48099
pretest_273,93.4503
pretest_274,70.84179
pretest_275,78.92541
pretest_276,118.7686
pretest_277,77.245476
pretest_278,132.54454
pretest_279,259.08444
pretest_280,80.31899
pretest_281,391.15958
pretest_282,164.82948
pretest_283,204.9536
pretest_284,95.59903
pretest_285,91.37958
pretest_286,86.47563
pretest_287,154.59645
pretest_288,47.669277
pretest_289,134.58511
pretest_290,174.9472
pretest_291,174.68332
pretest_292,163.18478
pretest_293,85.82289
pretest_294,334.4301
pretest_295,66.48854
pretest_296,257.61337
pretest_297,66.32991
pretest_298,173.03044
pretest_299,159.28923
pretest_300,66.81645
pretest_301,163.29184
pretest_302,94.68108
pretest_303,77.99512
pretest_304,370.5251
pretest_305,151.46596
pretest_306,247.05554
pretest_307,49.677307
pretest_308,89.02734
pretest_309,228.79546
pretest_310,97.53281
pretest_311,125.686584
pretest_312,68.07263
pretest_313,96.22998
pretest_314,71.50786
pretest_315,205.90445
pretest_316,116.830215
pretest_317,81.508865
pretest_318,71.65933
pretest_319,89.20508
pretest_320,162.13846
pretest_321,117.077965
pretest_322,95.75735
pretest_323,111.206566
pretest_324,71.6427
pretest_325,129.13365
pretest_326,132.82326
pretest_327,118.285965
pretest_328,65.962906
pretest_329,76.33535
pretest_330,68.34651
pretest_331,221.01491
pretest_332,157.31544
pretest_333,83.6913
pretest_334,82.842445
pretest_335,91.6308
pretest_336,105.23872
pretest_337,102.04709
pretest_338,288.6701
pretest_339,373.37946
pretest_340,187.92024
pretest_341,65.65124
pretest_342,68.04768
pretest_343,116.3373
pretest_344,224.57845
pretest_345,394.8599
pretest_346,140.94441
pretest_347,204.43204
pretest_348,263.79434
pretest_349,74.38735
pretest_350,226.09328
pretest_351,101.91658
pretest_352,73.845474
pretest_353,78.36151
pretest_354,98.210396
pretest_355,60.465714
pretest_356,147.30647
pretest_357,148.96452
pretest_358,86.27809
pretest_359,64.160995
pretest_360,493.2703
pretest_361,96.24625
pretest_362,65.45938
pretest_363,219.15332
pretest_364,92.982796
pretest_365,90.62806
pretest_366,170.48923
pretest_367,470.5527
pretest_368,289.18155
pretest_369,95.0733
pretest_370,289.87466
pretest_371,151.54878
pretest_372,112.8862
pretest_373,276.39297
pretest_374,122.85956
pretest_375,60.14453
pretest_376,109.271614
pretest_377,146.77867
pretest_378,212.00464
pretest_379,55.8207
pretest_380,229.86629
pretest_381,46.129555
pretest_382,287.829
pretest_383,276.7568
pretest_384,146.87677
pretest_385,75.7069
pretest_386,61.263824
pretest_387,181.572
pretest_388,213.28136
pretest_389,171.71292
pretest_390,116.35697
pretest_391,69.29721
pretest_392,95.294266
pretest_393,186.81728
pretest_394,238.49658
pretest_395,219.61168
pretest_396,88.99639
pretest_397,144.25725
pretest_398,201.25728
pretest_399,102.80049
pretest_400,178.41296
pretest_401,98.26892
pretest_402,74.9551
pretest_403,93.86549
pretest_404,76.041695
pretest_405,227.99893
pretest_406,68.9462
pretest_407,113.71398
pretest_408,106.762115
pretest_409,73.1677
pretest_410,83.18606
pretest_411,324.49002
pretest_412,116.83397
pretest_413,91.32979
pretest_414,242.46361
pretest_415,161.63962
pretest_416,85.18146
pretest_417,104.541214
pretest_418,304.4918
pretest_419,218.12129
pretest_420,77.750824
pretest_421,82.58122
pretest_422,80.41592
pretest_423,82.95645
pretest_424,212.2908
pretest_425,282.74557
pretest_426,71.922646
pretest_427,81.55235
pretest_428,168.70251
pretest_429,101.603134
pretest_430,208.87529
pretest_431,292.7785
pretest_432,108.86757
pretest_433,249.51205
pretest_434,345.42548
pretest_435,71.75049
pretest_436,65.375656
pretest_437,85.15978
pretest_438,58.216663
pretest_439,149.80241
pretest_440,94.78908
pretest_441,106.39513
pretest_442,125.19791
pretest_443,236.33371
pretest_444,53.36003
pretest_445,60.991005
pretest_446,53.7493
pretest_447,113.46782
pretest_448,268.19583
pretest_449,92.31036
pretest_450,76.6913
pretest_451,384.37433
pretest_452,67.183235
pretest_453,68.684784
pretest_454,65.19078
pretest_455,153.41536
pretest_456,56.02041
pretest_457,102.349724
pretest_458,282.4128
pretest_459,95.61241
pretest_460,147.77507
pretest_461,74.39262
pretest_462,273.5084
pretest_463,149.8501
pretest_464,76.55269
pretest_465,388.42285
pretest_466,74.93651
pretest_467,107.56697
pretest_468,199.4977
pretest_469,263.44348
pretest_470,134.69746
pretest_471,199.93846
pretest_472,201.3192
pretest_473,100.14571
pretest_474,224.30777
pretest_475,392.06973
pretest_476,199.68332
pretest_477,81.13429
pretest_478,48.76921
pretest_479,90.67168
pretest_480,234.91411
pretest_481,97.17124
pretest_482,253.81699
pretest_483,118.46087
pretest_484,70.830055
pretest_485,114.58093
pretest_486,76.130295
pretest_487,90.757614
pretest_488,95.634575
pretest_489,92.56714
pretest_490,128.6004
pretest_491,82.542046
pretest_492,56.6027
pretest_493,105.83563
pretest_494,114.3504
pretest_495,123.92761
pretest_496,80.618225
pretest_497,70.97773
pretest_498,103.338
pretest_499,245.45851
pretest_500,272.49054
pretest_501,117.7644
pretest_502,98.98277
pretest_503,286.30722
pretest_504,127.489136
pretest_505,98.721375
pretest_506,70.14342
pretest_507,82.98874
pretest_508,194.93286
pretest_509,69.12025
pretest_510,159.93373
pretest_511,380.9076
pretest_512,220.25284
pretest_513,53.495148
pretest_514,219.43907
pretest_515,58.090664
pretest_516,146.65125
pretest_517,111.331825
pretest_518,51.72676
pretest_519,64.479965
pretest_520,94.548096
pretest_521,86.89683
pretest_522,250.18784
pretest_523,104.49088
pretest_524,84.38167
pretest_525,96.33914
pretest_526,96.50912
pretest_527,133.89342
pretest_528,73.6307
pretest_529,226.0353
pretest_530,73.73087
pretest_531,45.570335
pretest_532,239.40004
pretest_533,218.2352
pretest_534,73.120056
pretest_535,140.442
pretest_536,57.113724
pretest_537,307.63882
pretest_538,155.1356
pretest_539,60.60663
pretest_540,59.124138
pretest_541,80.8759
pretest_542,89.37442
pretest_543,200.57417
pretest_544,55.887894
pretest_545,92.405716
pretest_546,201.65446
pretest_547,215.15695
pretest_548,313.8296
pretest_549,209.23071
pretest_550,89.99493
pretest_551,67.16548
pretest_552,203.10728
pretest_553,138.89513
pretest_554,213.72435
pretest_555,68.70308
pretest_556,215.79364
pretest_557,152.27895
pretest_558,246.66696
pretest_559,110.09175
pretest_560,74.34448
pretest_561,136.37198
pretest_562,86.51373
pretest_563,139.23384
pretest_564,58.682564
pretest_565,80.79944
pretest_566,173.32721
pretest_567,128.09117
pretest_568,138.06961
pretest_569,144.7502
pretest_570,218.76822
pretest_571,384.97464
pretest_572,53.375565
pretest_573,61.753777
pretest_574,155.19702
pretest_575,75.12608
pretest_576,113.292496
pretest_577,99.20075
pretest_578,110.17849
pretest_579,319.2723
pretest_580,171.83516
pretest_581,146.20514
pretest_582,92.86145
pretest_583,90.49907
pretest_584,265.33975
pretest_585,113.37578
pretest_586,178.08354
pretest_587,111.81435
pretest_588,71.48018
pretest_589,162.90231
pretest_590,140.04187
pretest_591,165.11386
pretest_592,145.02684
pretest_593,71.65841
pretest_594,71.97984
pretest_595,116.125404
pretest_596,97.70093
pretest_597,67.05005
pretest_598,187.73627
pretest_599,180.3837
pretest_600,176.43271
pretest_601,207.30309
pretest_602,65.68444
pretest_603,294.25027
pretest_604,206.21796
pretest_605,57.528557
pretest_606,99.20108
pretest_607,117.104576
pretest_608,145.06137
pretest_609,63.21865
pretest_610,81.86259
pretest_611,150.98395
pretest_612,93.945465
pretest_613,209.41704
pretest_614,182.75888
pretest_615,86.87872
pretest_616,119.75487
pretest_617,101.93134
pretest_618,269.43472
pretest_619,75.07817
pretest_620,121.81424
pretest_621,94.939064
pretest_622,54.92483
pretest_623,85.73233
pretest_624,159.69785
pretest_625,193.18016
pretest_626,249.77304
pretest_627,201.02432
pretest_628,213.12854
pretest_629,104.894646
pretest_630,74.44472
pretest_631,138.1547
pretest_632,62.51889
pretest_633,261.98044
pretest_634,73.24284
pretest_635,78.626686
pretest_636,136.79144
pretest_637,65.88745
pretest_638,178.11424
pretest_639,81.95852
pretest_640,74.26196
pretest_641,59.671005
pretest_642,73.10869
pretest_643,83.59868
pretest_644,426.83395
pretest_645,105.64668
pretest_646,91.76056
pretest_647,191.47713
pretest_648,111.839584
pretest_649,60.36209
pretest_650,226.74304
pretest_651,53.658443
pretest_652,139.68246
pretest_653,119.01308
pretest_654,138.6292
pretest_655,66.61166
pretest_656,85.64176
pretest_657,140.40358
pretest_658,233.57306
pretest_659,60.5775
pretest_660,199.44115
pretest_661,77.489426
pretest_662,62.219025
pretest_663,74.3596
pretest_664,130.76782
pretest_665,90.47017
pretest_666,153.75633
pretest_667,180.3841
pretest_668,69.45528
pretest_669,61.973312
pretest_670,63.506638
pretest_671,263.51987
pretest_672,144.85614
pretest_673,125.31738
pretest_674,75.10091
pretest_675,145.1188
pretest_676,115.58516
pretest_677,334.70773
pretest_678,206.14798
pretest_679,77.77551
pretest_680,70.8948
pretest_681,71.69236
pretest_682,84.98718
pretest_683,272.36026
pretest_684,98.724266
pretest_685,165.88931
pretest_686,203.88658
pretest_687,141.40446
pretest_688,183.70349
pretest_689,57.934372
pretest_690,252.1394
pretest_691,280.5787
pretest_692,77.53912
pretest_693,79.21465
pretest_694,115.269775
pretest_695,276.063
pretest_696,106.078064
pretest_697,112.9473
pretest_698,156.12036
pretest_699,88.15582
pretest_700,238.52393
pretest_701,167.68294
pretest_702,88.93558
pretest_703,158.36201
pretest_704,87.9335
pretest_705,254.5574
pretest_706,90.31312
pretest_707,279.54474
pretest_708,142.80078
pretest_709,85.20484
pretest_710,125.20514
pretest_711,66.72209
pretest_712,54.5371
pretest_713,125.87106
pretest_714,113.21609
pretest_715,60.619865
pretest_716,81.88725
pretest_717,288.75296
pretest_718,339.1581
pretest_719,119.22282
pretest_720,97.42648
pretest_721,149.54523
pretest_722,190.41327
pretest_723,109.6658
pretest_724,75.777855
pretest_725,74.84508
pretest_726,141.77448
pretest_727,156.43073
pretest_728,216.31403
pretest_729,57.298576
pretest_730,79.187256
pretest_731,224.25807
pretest_732,71.47628
pretest_733,258.46066
pretest_734,57.366432
pretest_735,95.550186
pretest_736,192.18799
pretest_737,253.77399
pretest_738,268.23517
pretest_739,147.7377
pretest_740,57.243263
pretest_741,68.30095
pretest_742,52.95507
pretest_743,85.41121
pretest_744,85.25346
pretest_745,189.9696
pretest_746,232.64914
pretest_747,167.46687
pretest_748,142.42184
pretest_749,66.14244
pretest_750,150.16508
pretest_751,90.79962
pretest_752,264.7685
pretest_753,93.51288
pretest_754,180.16142
pretest_755,218.88315
pretest_756,88.59976
pretest_757,76.59262
pretest_758,207.77899
pretest_759,110.95754
pretest_760,159.02768
pretest_761,163.71548
pretest_762,105.92086
pretest_763,68.8563
pretest_764,90.52443
pretest_765,164.13278
pretest_766,82.48867
pretest_767,367.9456
pretest_768,118.30524
pretest_769,78.68877
pretest_770,82.12161
pretest_771,96.47122
pretest_772,209.28676
pretest_773,58.177155
pretest_774,84.29773
pretest_775,124.31326
pretest_776,134.04921
pretest_777,142.6702
pretest_778,115.052864
pretest_779,209.55641
pretest_780,96.13006
pretest_781,92.75607
pretest_782,204.20203
pretest_783,89.50641
pretest_784,101.16011
pretest_785,225.5292
pretest_786,161.37096
pretest_787,71.15562
pretest_788,189.34596
pretest_789,123.53966
pretest_790,47.412987
pretest_791,141.00842
pretest_792,148.19992
pretest_793,76.82875
pretest_794,54.419807
pretest_795,87.01924
pretest_796,77.89197
pretest_797,80.180786
pretest_798,86.67992
pretest_799,60.91063
pretest_800,135.3786
pretest_801,246.25085
pretest_802,84.22954
pretest_803,49.683292
pretest_804,67.24498
pretest_805,89.11822
pretest_806,124.699936
pretest_807,202.84566
pretest_808,129.49263
pretest_809,108.09006
pretest_810,90.6528
pretest_811,194.3888
pretest_812,72.61265
pretest_813,114.99412
pretest_814,87.23222
pretest_815,324.5391
pretest_816,188.68623
pretest_817,114.59775
pretest_818,53.624306
pretest_819,273.665
pretest_820,101.19122
pretest_821,261.98013
pretest_822,64.59062
pretest_823,79.31179
pretest_824,187.88202
pretest_825,71.87045
pretest_826,66.421104
pretest_827,162.84584
pretest_828,51.604935
pretest_829,62.74553
pretest_830,69.86217
pretest_831,153.09201
pretest_832,71.32675
pretest_833,87.6502
pretest_834,106.747665
pretest_835,75.8557
pretest_836,187.28789
pretest_837,88.383896
pretest_838,77.765564
pretest_839,231.46667
pretest_840,50.942772
pretest_841,77.75219
pretest_842,152.0892
pretest_843,411.88776
pretest_844,113.18426
pretest_845,97.187515
pretest_846,197.74132
pretest_847,220.76492
pretest_848,79.222206
pretest_849,237.29613
pretest_850,109.65347
pretest_851,75.249054
pretest_852,99.273315
pretest_853,149.89078
pretest_854,101.465034
pretest_855,138.38005
pretest_856,164.63936
pretest_857,76.95413
pretest_858,209.04631
pretest_859,82.70766
pretest_860,200.06213
pretest_861,186.10233
pretest_862,56.85619
pretest_863,81.138374
pretest_864,53.749657
pretest_865,172.05069
pretest_866,72.49129
pretest_867,66.23535
pretest_868,254.00357
pretest_869,86.58902
pretest_870,110.453445
pretest_871,87.58686
pretest_872,61.727257
pretest_873,247.97623
pretest_874,186.58752
pretest_875,114.27571
pretest_876,153.34633
pretest_877,75.93971
pretest_878,91.89813
pretest_879,61.85498
pretest_880,135.48729
pretest_881,256.5622
pretest_882,143.25641
pretest_883,181.68747
pretest_884,147.91429
pretest_885,80.11154
pretest_886,64.374054
pretest_887,59.274452
pretest_888,73.2749
pretest_889,120.64484
pretest_890,191.41922
pretest_891,253.00638
pretest_892,66.87803
pretest_893,100.57454
pretest_894,283.66183
pretest_895,60.740227
pretest_896,72.1672
pretest_897,321.29285
pretest_898,60.51671
pretest_899,75.44162
pretest_900,108.708496
pretest_901,154.68167
pretest_902,59.908936
pretest_903,69.29327
pretest_904,68.05947
pretest_905,126.407486
pretest_906,113.711365
pretest_907,180.63695
pretest_908,91.81662
pretest_909,192.41882
pretest_910,113.257324
pretest_911,106.518005
pretest_912,150.77168
pretest_913,173.17572
pretest_914,80.588776
pretest_915,70.01619
pretest_916,151.07402
pretest_917,85.967224
pretest_918,99.63958
pretest_919,159.50522
pretest_920,203.85074
pretest_921,103.606865
pretest_922,91.02034
pretest_923,56.643166
pretest_924,68.307304
pretest_925,95.60541
pretest_926,71.476715
pretest_927,172.00516
pretest_928,46.007236
pretest_929,56.921646
pretest_930,78.320206
pretest_931,268.88507
pretest_932,70.59114
pretest_933,148.17426
pretest_934,101.369965
pretest_935,194.09416
pretest_936,161.71153
pretest_937,91.76097
pretest_938,153.09799
pretest_939,108.993256
pretest_940,304.4805
pretest_941,97.35174
pretest_942,257.2105
pretest_943,81.56446
pretest_944,197.6703
pretest_945,83.25357
pretest_946,370.7709
pretest_947,291.38226
pretest_948,115.4526
pretest_949,118.799965
pretest_950,174.9018
pretest_951,70.03731
pretest_952,132.73997
pretest_953,177.09586
pretest_954,241.57996
pretest_955,140.73116
pretest_956,165.31555
pretest_957,100.58362
pretest_958,67.6166
pretest_959,68.62522
pretest_960,207.16852
pretest_961,129.8532
pretest_962,89.405014
pretest_963,68.209946
pretest_964,61.64305
pretest_965,79.28304
pretest_966,87.59292
pretest_967,82.15739
pretest_968,201.17078
pretest_969,93.185585
pretest_970,110.252655
pretest_971,90.3724
pretest_972,122.820274
pretest_973,300.25357
pretest_974,73.075455
pretest_975,247.99405
pretest_976,79.82933
pretest_977,141.2805
pretest_978,114.53982
pretest_979,85.881165
pretest_980,235.21101
pretest_981,52.53256
pretest_982,151.59096
pretest_983,195.34909
pretest_984,270.4332
pretest_985,71.07145
pretest_986,239.76369
pretest_987,47.867867
pretest_988,278.07938
pretest_989,56.36857
pretest_990,80.041855
pretest_991,390.46985
pretest_992,73.44462
pretest_993,80.4271
pretest_994,80.52496
pretest_995,53.21184
pretest_996,140.35085
pretest_997,174.86613
pretest_998,75.31813
pretest_999,160.63524
pretest_1000,121.4338
pretest_1001,59.262962
pretest_1002,156.83195
pretest_1003,70.53744
pretest_1004,50.834606
pretest_1005,87.510315
pretest_1006,108.50649
pretest_1007,86.78381
pretest_1008,50.511383
pretest_1009,108.87833
pretest_1010,125.6998
pretest_1011,103.574615
pretest_1012,209.1889
pretest_1013,210.93282
pretest_1014,100.07986
pretest_1015,202.61185
pretest_1016,58.350418
pretest_1017,90.72699
pretest_1018,120.5937
pretest_1019,136.60298
pretest_1020,58.3562
pretest_1021,78.28713
pretest_1022,71.127
pretest_1023,85.961754
pretest_1024,78.09807
pretest_1025,63.72052
pretest_1026,327.5829
pretest_1027,63.34468
pretest_1028,203.42735
pretest_1029,148.3071
pretest_1030,350.2778
pretest_1031,63.785202
pretest_1032,91.40607
pretest_1033,72.69108
pretest_1034,72.69704
pretest_1035,124.64464
pretest_1036,89.68576
pretest_1037,71.55659
pretest_1038,58.68368
pretest_1039,50.89715
pretest_1040,72.602936
pretest_1041,89.599365
pretest_1042,62.58867
pretest_1043,95.249405
pretest_1044,257.0606
pretest_1045,62.05622
pretest_1046,160.07104
pretest_1047,66.038734
pretest_1048,69.1927
pretest_1049,95.55983
pretest_1050,70.6507
pretest_1051,192.14278
pretest_1052,122.63262
pretest_1053,206.20915
pretest_1054,87.24317
pretest_1055,258.86932
pretest_1056,74.50838
pretest_1057,251.10646
pretest_1058,169.84135
pretest_1059,200.33885
pretest_1060,79.302216
pretest_1061,258.56525
pretest_1062,85.39485
pretest_1063,155.87497
pretest_1064,58.289658
pretest_1065,164.61803
pretest_1066,85.5403
pretest_1067,66.81312
pretest_1068,99.04163
pretest_1069,162.40002
pretest_1070,131.58011
pretest_1071,99.52344
pretest_1072,62.442223
pretest_1073,170.72446
pretest_1074,121.47304
pretest_1075,64.16789
pretest_1076,97.82579
pretest_1077,118.54896
pretest_1078,77.13383
pretest_1079,81.94487
pretest_1080,110.928604
pretest_1081,76.879776
pretest_1082,341.11453
pretest_1083,84.74405
pretest_1084,64.14664
pretest_1085,76.30145
pretest_1086,112.52457
pretest_1087,68.00738
pretest_1088,58.85814
pretest_1089,87.22281
pretest_1090,64.54634
pretest_1091,189.59047
pretest_1092,198.10727
pretest_1093,190.4266
pretest_1094,51.26052
pretest_1095,78.61595
pretest_1096,273.58228
pretest_1097,158.58136
pretest_1098,312.8185
pretest_1099,189.03705
pretest_1100,58.653717
pretest_1101,164.31586
pretest_1102,65.443565
pretest_1103,78.17509
pretest_1104,108.789116
pretest_1105,107.13132
pretest_1106,94.45743
pretest_1107,108.067635
pretest_1108,93.59306
pretest_1109,53.111053
pretest_1110,150.53017
pretest_1111,297.9078
pretest_1112,166.36609
pretest_1113,58.808334
pretest_1114,71.17566
pretest_1115,66.91173
pretest_1116,93.124535
pretest_1117,100.16786
pretest_1118,93.401085
pretest_1119,88.67055
pretest_1120,93.36598
pretest_1121,150.60692
pretest_1122,238.07672
pretest_1123,56.649616
pretest_1124,192.66284
pretest_1125,221.42361
pretest_1126,68.11539
pretest_1127,131.98254
pretest_1128,68.14821
pretest_1129,91.78273
pretest_1130,203.1124
pretest_1131,257.42596
pretest_1132,75.768105
pretest_1133,200.4853
pretest_1134,190.13754
pretest_1135,74.11152
pretest_1136,99.73787
pretest_1137,103.14576
pretest_1138,87.14578
pretest_1139,80.55647
pretest_1140,88.21806
pretest_1141,95.589386
pretest_1142,87.11759
pretest_1143,72.97138
pretest_1144,264.68518
pretest_1145,98.76564
pretest_1146,269.15573
pretest_1147,219.10712
pretest_1148,130.89914
pretest_1149,92.56124
pretest_1150,160.6012
pretest_1151,162.88889
pretest_1152,111.07968
pretest_1153,78.50516
pretest_1154,187.44705
pretest_1155,100.1817
pretest_1156,62.684242
pretest_1157,122.99394
pretest_1158,47.85741
pretest_1159,65.54077
pretest_1160,116.4313
pretest_1161,61.939285
pretest_1162,105.38111
pretest_1163,122.39809
pretest_1164,163.52501
pretest_1165,211.89413
pretest_1166,65.151596
pretest_1167,117.37469
pretest_1168,100.09648
pretest_1169,79.52103
pretest_1170,156.40225
pretest_1171,201.2347
pretest_1172,68.34537
pretest_1173,118.52133
pretest_1174,170.34526
pretest_1175,218.38779
pretest_1176,118.65902
pretest_1177,181.61789
pretest_1178,165.64233
pretest_1179,95.002945
pretest_1180,120.42973
pretest_1181,101.87742
pretest_1182,68.078545
pretest_1183,83.05496
pretest_1184,89.87957
pretest_1185,90.47511
pretest_1186,200.57037
pretest_1187,136.84444
pretest_1188,214.46823
pretest_1189,99.33289
pretest_1190,58.050198
pretest_1191,223.63007
pretest_1192,74.58292
pretest_1193,224.44818
pretest_1194,183.46605
pretest_1195,300.19943
pretest_1196,185.80875
pretest_1197,102.65477
pretest_1198,169.51006
pretest_1199,78.39828
pretest_1200,65.95322
pretest_1201,150.64912
pretest_1202,87.37646
pretest_1203,166.47247
pretest_1204,111.39572
pretest_1205,269.4998
pretest_1206,98.26759
pretest_1207,68.21216
pretest_1208,278.54803
pretest_1209,53.13287
pretest_1210,125.43924
pretest_1211,96.52256
pretest_1212,126.50787
pretest_1213,72.727974
pretest_1214,134.06569
pretest_1215,69.26274
pretest_1216,292.92007
pretest_1217,127.80373
pretest_1218,181.70778
pretest_1219,188.26685
pretest_1220,99.45019
pretest_1221,75.74475
pretest_1222,91.20929
pretest_1223,226.9552
pretest_1224,60.13597
pretest_1225,92.369125
pretest_1226,149.08058
pretest_1227,136.64755
pretest_1228,82.52799
pretest_1229,63.66851
pretest_1230,171.43077
pretest_1231,73.43552
pretest_1232,210.36186
pretest_1233,125.3264
pretest_1234,58.32675
pretest_1235,93.50668
pretest_1236,127.532455
pretest_1237,438.79968
pretest_1238,93.009575
pretest_1239,58.07092
pretest_1240,152.72595
pretest_1241,154.46574
pretest_1242,68.96158
pretest_1243,92.57559
pretest_1244,86.69703
pretest_1245,50.74832
pretest_1246,88.22645
pretest_1247,85.45959
pretest_1248,120.52117
pretest_1249,108.4716
pretest_1250,207.93887
pretest_1251,63.59755
pretest_1252,171.81564
pretest_1253,66.86151
pretest_1254,115.42253
pretest_1255,228.97273
pretest_1256,211.92136
pretest_1257,70.43141
pretest_1258,63.352158
pretest_1259,175.40387
pretest_1260,72.51494
pretest_1261,259.5305
pretest_1262,44.33888
pretest_1263,335.21207
pretest_1264,98.09771
pretest_1265,139.21683
pretest_1266,60.8359
pretest_1267,99.98865
pretest_1268,91.72539
pretest_1269,83.29372
pretest_1270,90.13787
pretest_1271,61.424988
pretest_1272,222.10443
pretest_1273,53.190193
pretest_1274,149.88597
pretest_1275,92.920494
pretest_1276,128.61493
pretest_1277,83.56653
pretest_1278,58.68227
pretest_1279,89.60246
pretest_1280,173.05995
pretest_1281,158.23042
pretest_1282,145.8343
pretest_1283,51.69391
pretest_1284,112.65488
pretest_1285,153.41415
pretest_1286,58.023556
pretest_1287,87.82643
pretest_1288,217.26411
pretest_1289,81.819725
pretest_1290,72.42031
pretest_1291,103.03594
pretest_1292,212.77626
pretest_1293,84.41963
pretest_1294,55.652775
pretest_1295,183.86945
pretest_1296,136.4039
pretest_1297,280.28967
pretest_1298,56.85446
pretest_1299,69.862976
pretest_1300,135.30763
pretest_1301,76.19793
pretest_1302,53.244972
pretest_1303,60.41741
pretest_1304,87.68808
pretest_1305,72.5109
pretest_1306,55.571198
pretest_1307,75.8386
pretest_1308,200.09396
pretest_1309,153.41296
pretest_1310,171.60205
pretest_1311,108.79564
pretest_1312,84.55357
pretest_1313,88.66212
pretest_1314,83.49248
pretest_1315,60.385864
pretest_1316,95.76695
pretest_1317,49.693306
pretest_1318,78.07951
pretest_1319,100.63258
pretest_1320,87.70643
pretest_1321,318.4216
pretest_1322,52.217865
pretest_1323,89.360634
pretest_1324,94.846565
pretest_1325,63.28781
pretest_1326,99.36539
pretest_1327,135.4543
pretest_1328,154.59996
pretest_1329,267.24182
pretest_1330,120.13395
pretest_1331,62.113434
pretest_1332,98.89279
pretest_1333,66.02955
pretest_1334,94.42148
pretest_1335,67.20397
pretest_1336,46.98325
pretest_1337,118.081345
pretest_1338,69.77955
pretest_1339,87.59272
pretest_1340,90.63181
pretest_1341,75.50905
pretest_1342,110.86499
pretest_1343,66.80405
pretest_1344,137.52289
pretest_1345,69.08732
pretest_1346,73.25184
pretest_1347,67.803925
pretest_1348,241.84448
pretest_1349,100.49523
pretest_1350,63.136444
pretest_1351,161.81604
pretest_1352,82.041046
pretest_1353,73.16496
pretest_1354,89.429634
pretest_1355,83.73301
pretest_1356,59.47773
pretest_1357,57.927856
pretest_1358,150.36633
pretest_1359,171.6502
pretest_1360,74.33908
pretest_1361,278.87564
pretest_1362,134.55777
pretest_1363,86.99196
pretest_1364,49.667454
pretest_1365,86.31291
pretest_1366,74.787445
pretest_1367,94.12813
pretest_1368,203.60513
pretest_1369,66.659195
pretest_1370,182.6792
pretest_1371,161.77325
pretest_1372,248.08662
pretest_1373,59.305206
pretest_1374,96.63618
pretest_1375,109.680016
pretest_1376,79.1553
pretest_1377,240.11345
pretest_1378,280.40585
pretest_1379,146.57683
pretest_1380,289.7375
pretest_1381,139.5001
pretest_1382,94.14416
pretest_1383,81.692764
pretest_1384,59.054153
pretest_1385,240.74861
pretest_1386,144.39832
pretest_1387,77.13984
pretest_1388,301.3295
pretest_1389,89.36118
pretest_1390,164.10913
pretest_1391,68.59708
pretest_1392,218.7598
pretest_1393,165.45435
pretest_1394,153.03271
pretest_1395,80.313995
pretest_1396,74.98868
pretest_1397,296.9379
pretest_1398,68.51708
pretest_1399,146.07272
pretest_1400,109.28093
pretest_1401,239.00552
pretest_1402,153.88579
pretest_1403,53.623714
pretest_1404,126.50296
pretest_1405,238.13925
pretest_1406,156.20914
pretest_1407,94.14398
pretest_1408,113.81749
pretest_1409,57.20135
pretest_1410,97.404434
pretest_1411,80.82997
pretest_1412,84.8994
pretest_1413,98.01223
pretest_1414,56.180023
pretest_1415,98.15974
pretest_1416,159.35226
pretest_1417,51.352615
pretest_1418,64.18537
pretest_1419,271.5024
pretest_1420,239.4831
pretest_1421,82.52483
pretest_1422,49.024117
pretest_1423,286.47675
pretest_1424,68.29529
pretest_1425,112.330215
pretest_1426,127.361725
pretest_1427,72.03855
pretest_1428,106.355286
pretest_1429,93.093575
pretest_1430,119.533646
pretest_1431,78.63487
pretest_1432,89.51822
pretest_1433,132.32942
pretest_1434,68.737656
pretest_1435,256.81396
pretest_1436,96.89212
pretest_1437,103.5461
pretest_1438,163.5631
pretest_1439,423.35397
pretest_1440,141.9376
pretest_1441,123.224014
pretest_1442,219.32121
pretest_1443,148.75536
pretest_1444,137.73697
pretest_1445,225.89833
pretest_1446,67.27287
pretest_1447,166.65468
pretest_1448,104.84395
pretest_1449,69.93637
pretest_1450,44.559586
pretest_1451,60.31996
pretest_1452,64.16488
pretest_1453,166.77927
pretest_1454,140.257
pretest_1455,185.14056
pretest_1456,281.30396
pretest_1457,149.20471
pretest_1458,56.905926
pretest_1459,184.73056
pretest_1460,72.12896
pretest_1461,105.443436
pretest_1462,65.968994
pretest_1463,68.08775
pretest_1464,138.37366
pretest_1465,77.592545
pretest_1466,175.09177
pretest_1467,102.19812
pretest_1468,88.43119
pretest_1469,274.83408
pretest_1470,379.798
pretest_1471,47.369514
pretest_1472,125.22266
pretest_1473,63.61982
pretest_1474,58.268917
pretest_1475,73.33385
pretest_1476,77.99101
pretest_1477,79.196945
pretest_1478,55.381596
pretest_1479,247.07458
pretest_1480,160.25537
pretest_1481,76.1263
pretest_1482,118.128365
pretest_1483,81.038086
pretest_1484,71.53528
pretest_1485,180.78911
pretest_1486,51.647614
pretest_1487,78.65766
pretest_1488,343.52127
pretest_1489,65.69647
pretest_1490,90.819984
pretest_1491,192.9508
pretest_1492,54.813427
pretest_1493,100.77055
pretest_1494,441.52744
pretest_1495,106.4173
pretest_1496,59.646378
pretest_1497,71.29932
pretest_1498,155.7559
pretest_1499,80.89214
pretest_1500,118.52652
pretest_1501,33.828953
pretest_1502,43.282074
pretest_1503,36.17994
pretest_1504,40.8126
pretest_1505,48.59353
pretest_1506,29.91905
pretest_1507,40.888607
pretest_1508,37.73225
pretest_1509,37.21924
pretest_1510,36.336464
pretest_1511,31.75432
pretest_1512,41.631516
pretest_1513,47.2229
pretest_1514,11.650209
pretest_1515,46.13714
pretest_1516,38.548916
pretest_1517,20.001503
pretest_1518,52.81545
pretest_1519,41.811043
pretest_1520,36.201935
pretest_1521,42.819935
pretest_1522,40.103134
pretest_1523,59.767975
pretest_1524,41.12092
pretest_1525,38.446236
pretest_1526,39.693123
pretest_1527,52.28649
pretest_1528,52.592278
pretest_1529,31.656786
pretest_1530,67.12692
pretest_1531,46.810555
pretest_1532,44.465614
pretest_1533,21.73475
pretest_1534,36.99415
pretest_1535,19.742666
pretest_1536,24.918028
pretest_1537,39.193607
pretest_1538,44.42621
pretest_1539,40.4095
pretest_1540,39.820934
pretest_1541,39.43664
pretest_1542,46.4313
pretest_1543,52.17395
pretest_1544,30.411264
pretest_1545,33.11166
pretest_1546,42.95124
pretest_1547,31.325281
pretest_1548,38.868877
pretest_1549,45.44138
pretest_1550,31.045298
pretest_1551,39.835785
pretest_1552,50.231205
pretest_1553,-0.21994734
pretest_1554,24.678598
pretest_1555,39.218674
pretest_1556,44.130386
pretest_1557,30.986261
pretest_1558,41.346523
pretest_1559,35.789093
pretest_1560,31.365664
pretest_1561,37.90207
pretest_1562,39.894825
pretest_1563,41.898064
pretest_1564,34.601357
pretest_1565,25.721777
pretest_1566,46.363796
pretest_1567,81.838196
pretest_1568,52.983864
pretest_1569,98.62196
pretest_1570,46.337776
pretest_1571,25.329412
pretest_1572,40.829967
pretest_1573,23.092552
pretest_1574,56.06897
pretest_1575,27.94732
pretest_1576,22.421633
pretest_1577,41.491768
pretest_1578,56.045547
pretest_1579,34.75071
pretest_1580,38.038277
pretest_1581,47.809452
pretest_1582,226.94513
pretest_1583,37.5484
pretest_1584,29.62411
pretest_1585,46.604828
pretest_1586,36.657402
pretest_1587,30.926096
pretest_1588,76.608055
pretest_1589,39.194313
pretest_1590,124.43463
pretest_1591,49.687263
pretest_1592,71.18764
pretest_1593,50.926796
pretest_1594,42.827133
pretest_1595,41.77775
pretest_1596,46.64632
pretest_1597,33.529465
pretest_1598,44.036575
pretest_1599,37.293453
pretest_1600,35.078354
pretest_1601,35.676003
pretest_1602,35.876167
pretest_1603,44.493973
pretest_1604,83.007034
pretest_1605,47.830734
pretest_1606,49.75029
pretest_1607,64.98756
pretest_1608,46.11983
pretest_1609,41.741592
pretest_1610,52.975075
pretest_1611,49.53345
pretest_1612,27.636106
pretest_1613,38.660065
pretest_1614,39.7539
pretest_1615,167.48958
pretest_1616,35.75632
pretest_1617,87.461845
pretest_1618,44.844368
pretest_1619,1.990098
pretest_1620,41.24728
pretest_1621,37.91992
pretest_1622,12.850954
pretest_1623,40.872
pretest_1624,37.907566
pretest_1625,50.057842
pretest_1626,43.734474
pretest_1627,56.305153
pretest_1628,38.249203
pretest_1629,11.887407
pretest_1630,41.06246
pretest_1631,11.740469
pretest_1632,38.29075
pretest_1633,41.444603
pretest_1634,42.212017
pretest_1635,75.95201
pretest_1636,45.394596
pretest_1637,39.796616
pretest_1638,7.773172
pretest_1639,45.855995
pretest_1640,49.02101
pretest_1641,44.167065
pretest_1642,62.534462
pretest_1643,37.49228
pretest_1644,40.23421
pretest_1645,39.55771
pretest_1646,41.331947
pretest_1647,39.741264
pretest_1648,38.984238
pretest_1649,5.16394
pretest_1650,54.219376
pretest_1651,43.31806
pretest_1652,55.22821
pretest_1653,38.99467
pretest_1654,48.422634
pretest_1655,38.627644
pretest_1656,43.722816
pretest_1657,23.826284
pretest_1658,29.644487
pretest_1659,36.85164
pretest_1660,42.435745
pretest_1661,46.98736
pretest_1662,17.600657
pretest_1663,0.50901747
pretest_1664,17.132166
pretest_1665,44.668655
pretest_1666,6.645162
pretest_1667,40.399933
pretest_1668,39.2049
pretest_1669,39.453773
pretest_1670,24.022831
pretest_1671,22.49929
pretest_1672,24.042643
pretest_1673,35.935448
pretest_1674,46.380783
pretest_1675,39.672237
pretest_1676,34.234318
pretest_1677,30.269857
pretest_1678,44.969185
pretest_1679,57.319447
pretest_1680,29.361868
pretest_1681,64.60582
pretest_1682,32.292023
pretest_1683,75.56636
pretest_1684,44.38745
pretest_1685,39.48839
pretest_1686,40.766693
pretest_1687,30.121893
pretest_1688,47.58822
pretest_1689,45.43927
pretest_1690,38.486435
pretest_1691,36.501778
pretest_1692,39.39544
pretest_1693,37.39957
pretest_1694,50.40806
pretest_1695,30.162832
pretest_1696,21.747362
pretest_1697,37.09075
pretest_1698,26.117067
pretest_1699,38.025307
pretest_1700,41.143734
pretest_1701,57.493717
pretest_1702,45.038696
pretest_1703,41.858246
pretest_1704,33.29035
pretest_1705,51.655045
pretest_1706,32.720436
pretest_1707,50.690895
pretest_1708,27.427107
pretest_1709,44.921165
pretest_1710,38.444088
pretest_1711,70.977486
pretest_1712,33.47322
pretest_1713,38.927654
pretest_1714,49.295982
pretest_1715,41.908337
pretest_1716,39.537193
pretest_1717,42.225525
pretest_1718,49.82296
pretest_1719,38.716587
pretest_1720,45.3412
pretest_1721,43.413685
pretest_1722,54.817665
pretest_1723,113.18663
pretest_1724,42.170937
pretest_1725,32.99459
pretest_1726,34.359974
pretest_1727,48.964546
pretest_1728,3.1443458
pretest_1729,61.651054
pretest_1730,44.527172
pretest_1731,43.855232
pretest_1732,31.891245
pretest_1733,34.28912
pretest_1734,78.719635
pretest_1735,45.1847
pretest_1736,39.546516
pretest_1737,46.6624
pretest_1738,42.82919
pretest_1739,28.053057
pretest_1740,48.42602
pretest_1741,35.016823
pretest_1742,38.82496
pretest_1743,37.664207
pretest_1744,38.081646
pretest_1745,43.12268
pretest_1746,45.982475
pretest_1747,47.83358
pretest_1748,51.772125
pretest_1749,46.86916
pretest_1750,40.05328
pretest_1751,82.53316
pretest_1752,42.027363
pretest_1753,42.888634
pretest_1754,39.020973
pretest_1755,11.893232
pretest_1756,43.23196
pretest_1757,51.173798
pretest_1758,36.506905
pretest_1759,40.17399
pretest_1760,50.2329
pretest_1761,67.16274
pretest_1762,46.69945
pretest_1763,39.32091
pretest_1764,50.304153
pretest_1765,43.746506
pretest_1766,54.770584
pretest_1767,40.555214
pretest_1768,29.82155
pretest_1769,105.38008
pretest_1770,63.748642
pretest_1771,50.01207
pretest_1772,133.1972
pretest_1773,52.2005
pretest_1774,52.51248
pretest_1775,49.741074
pretest_1776,32.68785
pretest_1777,48.679512
pretest_1778,22.388796
pretest_1779,-1.4796879
pretest_1780,43.906616
pretest_1781,39.713593
pretest_1782,43.49328
pretest_1783,22.507498
pretest_1784,51.619034
pretest_1785,24.269297
pretest_1786,89.60857
pretest_1787,47.352997
pretest_1788,33.03969
pretest_1789,48.570786
pretest_1790,26.283218
pretest_1791,41.031742
pretest_1792,38.602646
pretest_1793,57.74843
pretest_1794,39.193027
pretest_1795,18.046244
pretest_1796,33.52626
pretest_1797,52.691635
pretest_1798,46.0617
pretest_1799,47.77595
pretest_1800,41.60376
pretest_1801,39.1135
pretest_1802,68.29502
pretest_1803,44.828808
pretest_1804,53.921097
pretest_1805,35.930298
pretest_1806,54.045082
pretest_1807,28.06389
pretest_1808,30.173235
pretest_1809,48.570168
pretest_1810,37.214375
pretest_1811,38.41487
pretest_1812,23.844187
pretest_1813,40.329105
pretest_1814,-4.489226
pretest_1815,31.580507
pretest_1816,50.913284
pretest_1817,56.17722
pretest_1818,39.657806
pretest_1819,37.70441
pretest_1820,48.424156
pretest_1821,36.68102
pretest_1822,56.123684
pretest_1823,47.441
pretest_1824,40.72046
pretest_1825,26.612238
pretest_1826,44.72516
pretest_1827,37.005405
pretest_1828,38.646667
pretest_1829,22.365282
pretest_1830,48.57826
pretest_1831,77.02078
pretest_1832,36.20433
pretest_1833,40.33399
pretest_1834,36.407925
pretest_1835,28.149004
pretest_1836,38.76914
pretest_1837,44.063698
pretest_1838,57.440414
pretest_1839,40.198463
pretest_1840,48.13408
pretest_1841,3.26939
pretest_1842,32.87161
pretest_1843,31.00287
pretest_1844,41.910675
pretest_1845,82.04499
pretest_1846,68.59176
pretest_1847,30.83507
pretest_1848,33.75883
pretest_1849,11.080402
pretest_1850,108.34131
pretest_1851,56.175602
pretest_1852,52.920647
pretest_1853,40.820328
pretest_1854,57.785015
pretest_1855,54.062317
pretest_1856,40.668175
pretest_1857,40.08174
pretest_1858,41.25789
pretest_1859,121.8215
pretest_1860,49.247612
pretest_1861,42.167297
pretest_1862,45.138123
pretest_1863,47.941288
pretest_1864,40.948185
pretest_1865,32.98119
pretest_1866,34.07027
pretest_1867,36.956146
pretest_1868,36.269505
pretest_1869,48.92604
pretest_1870,69.606964
pretest_1871,36.043602
pretest_1872,39.228947
pretest_1873,39.29909
pretest_1874,42.033157
pretest_1875,45.20028
pretest_1876,40.876503
pretest_1877,53.32429
pretest_1878,40.123466
pretest_1879,29.784231
pretest_1880,50.98148
pretest_1881,42.14039
pretest_1882,179.64226
pretest_1883,65.17483
pretest_1884,33.68527
pretest_1885,43.802616
pretest_1886,53.059517
pretest_1887,42.86057
pretest_1888,32.91192
pretest_1889,30.960382
pretest_1890,44.026344
pretest_1891,41.398956
pretest_1892,44.57477
pretest_1893,32.409233
pretest_1894,36.207085
pretest_1895,35.051277
pretest_1896,38.23339
pretest_1897,37.673817
pretest_1898,55.866722
pretest_1899,-2.2955985
pretest_1900,38.76873
pretest_1901,37.602974
pretest_1902,33.303036
pretest_1903,56.58333
pretest_1904,32.60252
pretest_1905,52.414715
pretest_1906,30.620943
pretest_1907,40.008728
pretest_1908,47.38522
pretest_1909,13.536865
pretest_1910,42.639965
pretest_1911,46.99136
pretest_1912,43.217712
pretest_1913,31.822985
pretest_1914,39.506485
pretest_1915,38.337822
pretest_1916,45.52024
pretest_1917,30.532366
pretest_1918,50.06222
pretest_1919,37.6728
pretest_1920,25.28813
pretest_1921,43.627033
pretest_1922,46.536163
pretest_1923,43.453407
pretest_1924,47.11831
pretest_1925,39.988003
pretest_1926,45.260735
pretest_1927,48.64603
pretest_1928,47.801247
pretest_1929,32.482925
pretest_1930,115.01729
pretest_1931,34.70244
pretest_1932,20.112268
pretest_1933,47.389626
pretest_1934,41.19999
pretest_1935,43.814842
pretest_1936,61.038345
pretest_1937,38.644722
pretest_1938,44.09181
pretest_1939,50.103683
pretest_1940,36.739258
pretest_1941,45.43499
pretest_1942,47.49317
pretest_1943,40.561153
pretest_1944,41.547665
pretest_1945,42.06277
pretest_1946,11.478512
pretest_1947,36.974552
pretest_1948,53.44509
pretest_1949,42.807026
pretest_1950,48.823257
pretest_1951,31.311975
pretest_1952,405.13995
pretest_1953,75.590164
pretest_1954,38.13859
pretest_1955,36.69601
pretest_1956,27.626223
pretest_1957,40.616646
pretest_1958,57.68541
pretest_1959,20.188663
pretest_1960,46.069695
pretest_1961,37.93038
pretest_1962,54.81082
pretest_1963,-2.063633
pretest_1964,36.49624
pretest_1965,39.4253
pretest_1966,16.236088
pretest_1967,87.859535
pretest_1968,39.30836
pretest_1969,32.08762
pretest_1970,37.749832
pretest_1971,50.016903
pretest_1972,50.683052
pretest_1973,39.652435
pretest_1974,43.279316
pretest_1975,9.506849
pretest_1976,106.40701
pretest_1977,119.40804
pretest_1978,71.40753
pretest_1979,47.704277
pretest_1980,131.65575
pretest_1981,33.359375
pretest_1982,29.69687
pretest_1983,46.15631
pretest_1984,97.65094
pretest_1985,41.34514
pretest_1986,49.263752
pretest_1987,24.800524
pretest_1988,77.165855
pretest_1989,48.621273
pretest_1990,43.937805
pretest_1991,45.52581
pretest_1992,36.440086
pretest_1993,60.44725
pretest_1994,37.749405
pretest_1995,51.872353
pretest_1996,36.60021
pretest_1997,32.907627
pretest_1998,39.574078
pretest_1999,12.297611
pretest_2000,77.73797
