id,CO2_working_capacity [mL/g]
pretest_1,82.290665
pretest_2,129.65016
pretest_3,213.65913
pretest_4,69.351746
pretest_5,81.25087
pretest_6,312.53986
pretest_7,98.589226
pretest_8,80.19214
pretest_9,67.25409
pretest_10,431.0505
pretest_11,191.33598
pretest_12,134.46269
pretest_13,73.49512
pretest_14,246.44379
pretest_15,215.24152
pretest_16,81.87255
pretest_17,65.78145
pretest_18,66.621185
pretest_19,70.28959
pretest_20,158.5368
pretest_21,54.229843
pretest_22,223.87518
pretest_23,171.95148
pretest_24,102.54558
pretest_25,154.50642
pretest_26,193.70715
pretest_27,74.004326
pretest_28,107.562485
pretest_29,65.93657
pretest_30,95.9231
pretest_31,179.4904
pretest_32,71.84717
pretest_33,91.6194
pretest_34,67.94072
pretest_35,121.232475
pretest_36,121.6482
pretest_37,77.99877
pretest_38,80.60354
pretest_39,89.133415
pretest_40,124.280304
pretest_41,106.7646
pretest_42,304.3039
pretest_43,82.40054
pretest_44,263.63333
pretest_45,144.60126
pretest_46,139.09557
pretest_47,91.847466
pretest_48,170.03178
pretest_49,142.06459
pretest_50,55.331264
pretest_51,100.316376
pretest_52,109.84667
pretest_53,71.20757
pretest_54,159.00745
pretest_55,130.67984
pretest_56,88.39935
pretest_57,85.46136
pretest_58,99.95795
pretest_59,143.24548
pretest_60,76.51141
pretest_61,225.8346
pretest_62,67.87174
pretest_63,79.76674
pretest_64,165.72076
pretest_65,82.17294
pretest_66,157.45703
pretest_67,109.68495
pretest_68,171.0249
pretest_69,213.98566
pretest_70,60.452515
pretest_71,306.29037
pretest_72,106.17224
pretest_73,67.37072
pretest_74,178.74994
pretest_75,193.83842
pretest_76,169.22476
pretest_77,221.97083
pretest_78,107.12555
pretest_79,107.20225
pretest_80,78.27441
pretest_81,94.14352
pretest_82,117.46553
pretest_83,96.4177
pretest_84,192.83752
pretest_85,109.137566
pretest_86,68.89679
pretest_87,91.989525
pretest_88,171.40497
pretest_89,79.8755
pretest_90,179.52527
pretest_91,95.26779
pretest_92,186.8965
pretest_93,134.12856
pretest_94,205.66806
pretest_95,68.74486
pretest_96,150.9543
pretest_97,74.358406
pretest_98,80.56268
pretest_99,144.29398
pretest_100,83.86866
pretest_101,75.9818
pretest_102,89.55297
pretest_103,112.760155
pretest_104,136.81696
pretest_105,79.95182
pretest_106,95.66777
pretest_107,92.36086
pretest_108,187.85062
pretest_109,59.35876
pretest_110,81.49172
pretest_111,119.60323
pretest_112,153.2702
pretest_113,306.65054
pretest_114,82.20509
pretest_115,113.34486
pretest_116,75.00075
pretest_117,147.3099
pretest_118,72.38684
pretest_119,277.28366
pretest_120,96.70563
pretest_121,70.330246
pretest_122,129.93745
pretest_123,114.40198
pretest_124,131.85045
pretest_125,150.14873
pretest_126,55.070152
pretest_127,144.77658
pretest_128,233.23428
pretest_129,78.81571
pretest_130,159.72772
pretest_131,190.35625
pretest_132,91.91888
pretest_133,222.03795
pretest_134,81.86253
pretest_135,180.90984
pretest_136,205.15872
pretest_137,223.51128
pretest_138,162.91599
pretest_139,95.47014
pretest_140,78.487816
pretest_141,76.08147
pretest_142,63.39322
pretest_143,86.19447
pretest_144,87.20134
pretest_145,61.937096
pretest_146,101.37934
pretest_147,78.80871
pretest_148,186.80402
pretest_149,124.538315
pretest_150,88.65218
pretest_151,72.81192
pretest_152,218.05368
pretest_153,105.622185
pretest_154,63.672832
pretest_155,361.01505
pretest_156,233.50668
pretest_157,84.41034
pretest_158,249.19788
pretest_159,118.622635
pretest_160,206.77362
pretest_161,176.36942
pretest_162,113.6249
pretest_163,121.88363
pretest_164,86.346245
pretest_165,117.93245
pretest_166,238.0182
pretest_167,255.72495
pretest_168,255.11145
pretest_169,79.88518
pretest_170,131.77017
pretest_171,210.37817
pretest_172,84.98923
pretest_173,84.08291
pretest_174,160.04211
pretest_175,148.92285
pretest_176,81.72993
pretest_177,81.66669
pretest_178,72.61352
pretest_179,130.40295
pretest_180,95.48313
pretest_181,76.93935
pretest_182,60.741783
pretest_183,109.514595
pretest_184,180.25648
pretest_185,79.032265
pretest_186,75.47827
pretest_187,91.2948
pretest_188,76.49306
pretest_189,149.24283
pretest_190,117.4371
pretest_191,85.499214
pretest_192,58.82958
pretest_193,77.16266
pretest_194,130.41919
pretest_195,141.90858
pretest_196,66.19017
pretest_197,181.1258
pretest_198,42.769547
pretest_199,70.07159
pretest_200,115.293526
pretest_201,92.21855
pretest_202,123.36558
pretest_203,45.10846
pretest_204,67.594894
pretest_205,88.02575
pretest_206,78.49953
pretest_207,66.580574
pretest_208,188.97986
pretest_209,74.626
pretest_210,156.39911
pretest_211,69.53093
pretest_212,116.35463
pretest_213,169.24406
pretest_214,129.35828
pretest_215,86.34088
pretest_216,103.39866
pretest_217,75.51964
pretest_218,94.4274
pretest_219,158.7197
pretest_220,72.548416
pretest_221,103.23282
pretest_222,218.528
pretest_223,99.42135
pretest_224,81.55636
pretest_225,86.67964
pretest_226,132.16595
pretest_227,99.84907
pretest_228,78.9328
pretest_229,268.82114
pretest_230,111.7865
pretest_231,91.00354
pretest_232,80.21421
pretest_233,71.42118
pretest_234,76.29677
pretest_235,158.34232
pretest_236,192.04921
pretest_237,87.24567
pretest_238,87.29804
pretest_239,138.61198
pretest_240,112.16834
pretest_241,84.80378
pretest_242,196.88867
pretest_243,134.77434
pretest_244,73.91848
pretest_245,101.08927
pretest_246,70.55242
pretest_247,119.30712
pretest_248,73.37636
pretest_249,217.63184
pretest_250,105.3495
pretest_251,102.620026
pretest_252,252.44576
pretest_253,208.724
pretest_254,138.48541
pretest_255,220.00818
pretest_256,232.70615
pretest_257,106.82092
pretest_258,131.75171
pretest_259,253.75394
pretest_260,203.27838
pretest_261,76.57227
pretest_262,109.435265
pretest_263,137.79552
pretest_264,87.991486
pretest_265,163.01616
pretest_266,95.73549
pretest_267,193.948
pretest_268,68.98901
pretest_269,62.444557
pretest_270,131.21288
pretest_271,82.46834
pretest_272,153.28537
pretest_273,92.20424
pretest_274,64.80372
pretest_275,67.25759
pretest_276,97.70294
pretest_277,70.17055
pretest_278,119.09103
pretest_279,237.5904
pretest_280,79.45281
pretest_281,372.41833
pretest_282,193.78485
pretest_283,189.19228
pretest_284,90.37245
pretest_285,92.376
pretest_286,90.46306
pretest_287,152.32317
pretest_288,59.772743
pretest_289,135.68529
pretest_290,153.90625
pretest_291,172.46326
pretest_292,169.23431
pretest_293,81.7483
pretest_294,302.087
pretest_295,65.34949
pretest_296,214.23145
pretest_297,79.78319
pretest_298,191.70074
pretest_299,127.11835
pretest_300,61.664825
pretest_301,150.74051
pretest_302,94.535736
pretest_303,80.97703
pretest_304,334.62167
pretest_305,146.87814
pretest_306,209.36151
pretest_307,59.70283
pretest_308,77.71865
pretest_309,198.72173
pretest_310,73.784325
pretest_311,111.25217
pretest_312,73.188995
pretest_313,97.49389
pretest_314,130.52707
pretest_315,191.62213
pretest_316,118.77068
pretest_317,94.70267
pretest_318,83.73408
pretest_319,77.15105
pretest_320,159.9925
pretest_321,99.42862
pretest_322,78.02869
pretest_323,116.45911
pretest_324,83.71659
pretest_325,126.316925
pretest_326,108.59454
pretest_327,129.55273
pretest_328,81.173
pretest_329,78.95092
pretest_330,81.901215
pretest_331,227.81125
pretest_332,157.3475
pretest_333,122.671394
pretest_334,83.615295
pretest_335,81.26614
pretest_336,101.616394
pretest_337,94.90187
pretest_338,225.87283
pretest_339,314.1809
pretest_340,162.27823
pretest_341,63.790905
pretest_342,84.423325
pretest_343,126.790825
pretest_344,180.60103
pretest_345,354.86276
pretest_346,154.8056
pretest_347,177.83566
pretest_348,265.78986
pretest_349,86.7784
pretest_350,200.50099
pretest_351,87.96293
pretest_352,81.00073
pretest_353,80.0234
pretest_354,105.4682
pretest_355,65.50217
pretest_356,140.51164
pretest_357,230.68256
pretest_358,96.579445
pretest_359,80.22017
pretest_360,453.9875
pretest_361,90.628136
pretest_362,82.96099
pretest_363,175.88826
pretest_364,86.7569
pretest_365,137.44249
pretest_366,192.53618
pretest_367,594.7578
pretest_368,250.51227
pretest_369,115.469475
pretest_370,292.2172
pretest_371,148.96516
pretest_372,100.883835
pretest_373,255.55276
pretest_374,131.6916
pretest_375,68.18102
pretest_376,113.35908
pretest_377,147.24295
pretest_378,183.94681
pretest_379,63.124283
pretest_380,191.45023
pretest_381,51.67391
pretest_382,283.7202
pretest_383,265.9227
pretest_384,186.64943
pretest_385,75.90793
pretest_386,73.79882
pretest_387,163.45259
pretest_388,212.26154
pretest_389,136.95982
pretest_390,114.62287
pretest_391,74.86249
pretest_392,105.23285
pretest_393,182.5217
pretest_394,211.67694
pretest_395,259.3667
pretest_396,90.535416
pretest_397,157.05052
pretest_398,180.27786
pretest_399,109.576416
pretest_400,162.89696
pretest_401,94.624756
pretest_402,85.94325
pretest_403,87.17986
pretest_404,82.529274
pretest_405,206.18701
pretest_406,71.109436
pretest_407,103.60726
pretest_408,117.177216
pretest_409,88.30756
pretest_410,84.12884
pretest_411,299.0266
pretest_412,98.220825
pretest_413,116.689255
pretest_414,210.96124
pretest_415,139.1777
pretest_416,96.16737
pretest_417,95.99069
pretest_418,285.16666
pretest_419,197.3205
pretest_420,82.07016
pretest_421,86.79344
pretest_422,73.73727
pretest_423,76.76532
pretest_424,214.07042
pretest_425,228.64038
pretest_426,84.28748
pretest_427,80.68418
pretest_428,172.69891
pretest_429,114.145294
pretest_430,215.06824
pretest_431,262.3721
pretest_432,112.938896
pretest_433,236.35858
pretest_434,332.71075
pretest_435,72.23141
pretest_436,63.82259
pretest_437,87.6214
pretest_438,68.57353
pretest_439,150.01819
pretest_440,81.492035
pretest_441,117.73135
pretest_442,150.66925
pretest_443,222.8475
pretest_444,54.11168
pretest_445,63.240772
pretest_446,52.88893
pretest_447,88.076454
pretest_448,257.9023
pretest_449,102.75876
pretest_450,72.94674
pretest_451,326.44803
pretest_452,67.35247
pretest_453,70.00992
pretest_454,75.72581
pretest_455,140.87402
pretest_456,60.857906
pretest_457,78.013916
pretest_458,268.6351
pretest_459,114.86788
pretest_460,171.49179
pretest_461,80.66739
pretest_462,235.31242
pretest_463,120.24048
pretest_464,73.00368
pretest_465,377.85526
pretest_466,85.460915
pretest_467,88.149445
pretest_468,192.35953
pretest_469,247.17752
pretest_470,143.32571
pretest_471,178.41237
pretest_472,191.54036
pretest_473,111.169495
pretest_474,196.38489
pretest_475,358.57382
pretest_476,184.3247
pretest_477,81.4546
pretest_478,51.95332
pretest_479,106.63261
pretest_480,243.44176
pretest_481,82.23325
pretest_482,226.92558
pretest_483,135.65819
pretest_484,70.14484
pretest_485,104.97523
pretest_486,85.41472
pretest_487,81.857956
pretest_488,107.0869
pretest_489,84.15039
pretest_490,127.06195
pretest_491,89.41926
pretest_492,67.16674
pretest_493,90.98375
pretest_494,114.51144
pretest_495,123.40946
pretest_496,82.97476
pretest_497,76.770386
pretest_498,101.69827
pretest_499,242.3812
pretest_500,252.5597
pretest_501,131.63419
pretest_502,113.031494
pretest_503,266.78162
pretest_504,110.690636
pretest_505,83.30304
pretest_506,73.59742
pretest_507,86.51772
pretest_508,171.26534
pretest_509,70.67253
pretest_510,134.7178
pretest_511,371.2371
pretest_512,175.22528
pretest_513,68.69112
pretest_514,214.1854
pretest_515,69.936165
pretest_516,125.81983
pretest_517,115.85762
pretest_518,61.518818
pretest_519,64.022446
pretest_520,85.60594
pretest_521,76.005745
pretest_522,247.47144
pretest_523,94.1837
pretest_524,83.74266
pretest_525,74.64859
pretest_526,97.845314
pretest_527,141.48016
pretest_528,84.196014
pretest_529,217.2447
pretest_530,75.27621
pretest_531,61.453655
pretest_532,218.01115
pretest_533,211.97647
pretest_534,75.120285
pretest_535,139.2273
pretest_536,58.908726
pretest_537,291.2277
pretest_538,140.00406
pretest_539,68.33706
pretest_540,68.77951
pretest_541,71.18424
pretest_542,82.95499
pretest_543,180.14922
pretest_544,63.83452
pretest_545,83.86066
pretest_546,225.42188
pretest_547,200.09784
pretest_548,289.37552
pretest_549,212.2607
pretest_550,101.6428
pretest_551,71.277954
pretest_552,182.98094
pretest_553,163.2998
pretest_554,216.12572
pretest_555,78.850586
pretest_556,211.12497
pretest_557,134.6259
pretest_558,220.8831
pretest_559,120.81258
pretest_560,101.017456
pretest_561,105.53519
pretest_562,103.04215
pretest_563,125.46424
pretest_564,65.602974
pretest_565,98.32953
pretest_566,162.39728
pretest_567,134.54263
pretest_568,142.35071
pretest_569,163.68205
pretest_570,179.60666
pretest_571,352.12158
pretest_572,66.414276
pretest_573,76.445206
pretest_574,202.44537
pretest_575,81.307594
pretest_576,123.87599
pretest_577,105.96486
pretest_578,95.3228
pretest_579,313.0212
pretest_580,185.27263
pretest_581,102.04929
pretest_582,91.77961
pretest_583,101.553154
pretest_584,250.76231
pretest_585,103.261246
pretest_586,162.21938
pretest_587,119.69882
pretest_588,64.662186
pretest_589,136.43555
pretest_590,132.19644
pretest_591,156.87222
pretest_592,160.06906
pretest_593,76.00076
pretest_594,70.00488
pretest_595,119.172966
pretest_596,88.07068
pretest_597,69.696335
pretest_598,182.11066
pretest_599,159.79321
pretest_600,144.88527
pretest_601,196.78778
pretest_602,62.765263
pretest_603,232.37465
pretest_604,225.0201
pretest_605,65.24925
pretest_606,101.03673
pretest_607,119.64795
pretest_608,154.73508
pretest_609,64.8382
pretest_610,83.11333
pretest_611,164.60144
pretest_612,85.84102
pretest_613,187.58267
pretest_614,160.49368
pretest_615,79.427444
pretest_616,117.00401
pretest_617,91.37123
pretest_618,233.80759
pretest_619,75.99159
pretest_620,108.66578
pretest_621,80.09824
pretest_622,54.48172
pretest_623,109.6306
pretest_624,140.62675
pretest_625,187.4195
pretest_626,219.58716
pretest_627,177.0293
pretest_628,221.43768
pretest_629,95.39212
pretest_630,86.80524
pretest_631,158.89862
pretest_632,67.24399
pretest_633,239.63268
pretest_634,63.50879
pretest_635,83.76711
pretest_636,136.90991
pretest_637,74.69219
pretest_638,184.75354
pretest_639,86.15122
pretest_640,68.28304
pretest_641,68.936066
pretest_642,83.88484
pretest_643,80.724266
pretest_644,411.5652
pretest_645,126.734146
pretest_646,99.39638
pretest_647,177.9695
pretest_648,127.751076
pretest_649,61.22594
pretest_650,204.959
pretest_651,66.9497
pretest_652,154.15059
pretest_653,141.50555
pretest_654,143.17265
pretest_655,77.587555
pretest_656,81.892815
pretest_657,150.31459
pretest_658,210.78694
pretest_659,68.20251
pretest_660,203.67087
pretest_661,93.55737
pretest_662,71.17544
pretest_663,70.171974
pretest_664,114.156235
pretest_665,104.91733
pretest_666,146.38167
pretest_667,175.96754
pretest_668,73.31435
pretest_669,66.89461
pretest_670,66.07757
pretest_671,221.90964
pretest_672,142.0951
pretest_673,93.54938
pretest_674,80.77524
pretest_675,152.02225
pretest_676,114.03651
pretest_677,315.6751
pretest_678,180.63684
pretest_679,83.96769
pretest_680,75.079926
pretest_681,71.3107
pretest_682,75.64035
pretest_683,229.28104
pretest_684,99.66378
pretest_685,157.95439
pretest_686,248.97867
pretest_687,152.25436
pretest_688,204.7131
pretest_689,70.35725
pretest_690,222.73227
pretest_691,226.28627
pretest_692,90.72698
pretest_693,74.91556
pretest_694,108.130066
pretest_695,244.97165
pretest_696,101.88667
pretest_697,89.83854
pretest_698,169.22598
pretest_699,100.901215
pretest_700,219.30905
pretest_701,168.21329
pretest_702,113.31079
pretest_703,158.22652
pretest_704,83.544235
pretest_705,221.11043
pretest_706,110.30618
pretest_707,216.97714
pretest_708,141.21854
pretest_709,94.09532
pretest_710,130.57799
pretest_711,65.17401
pretest_712,62.14003
pretest_713,135.66656
pretest_714,100.03205
pretest_715,63.825092
pretest_716,87.77409
pretest_717,241.1686
pretest_718,316.95132
pretest_719,162.48708
pretest_720,88.329216
pretest_721,139.48575
pretest_722,177.32756
pretest_723,113.833206
pretest_724,76.461624
pretest_725,72.49114
pretest_726,163.01642
pretest_727,148.95248
pretest_728,187.22841
pretest_729,59.693176
pretest_730,82.28156
pretest_731,224.48817
pretest_732,71.978966
pretest_733,236.0857
pretest_734,66.80343
pretest_735,87.42344
pretest_736,143.61319
pretest_737,226.20981
pretest_738,301.33047
pretest_739,131.13962
pretest_740,63.39191
pretest_741,74.271065
pretest_742,59.506676
pretest_743,87.31
pretest_744,85.456726
pretest_745,190.90796
pretest_746,220.2542
pretest_747,177.36237
pretest_748,141.82333
pretest_749,85.09562
pretest_750,152.75949
pretest_751,99.012184
pretest_752,221.81522
pretest_753,88.81423
pretest_754,180.7362
pretest_755,223.28477
pretest_756,91.06755
pretest_757,93.25949
pretest_758,194.29718
pretest_759,128.27412
pretest_760,149.26672
pretest_761,168.29282
pretest_762,126.95855
pretest_763,70.62361
pretest_764,113.15575
pretest_765,161.1117
pretest_766,85.05563
pretest_767,378.24246
pretest_768,112.26041
pretest_769,81.413315
pretest_770,83.99776
pretest_771,106.83371
pretest_772,187.04843
pretest_773,64.249
pretest_774,99.30421
pretest_775,130.63394
pretest_776,143.48166
pretest_777,137.6854
pretest_778,103.74454
pretest_779,207.7502
pretest_780,79.612015
pretest_781,82.587265
pretest_782,179.12323
pretest_783,76.13857
pretest_784,89.91596
pretest_785,212.62117
pretest_786,160.83829
pretest_787,80.71765
pretest_788,202.27335
pretest_789,48.76494
pretest_790,53.259766
pretest_791,142.35648
pretest_792,138.59598
pretest_793,84.37594
pretest_794,66.45881
pretest_795,76.22091
pretest_796,74.006744
pretest_797,90.31636
pretest_798,90.85571
pretest_799,64.05696
pretest_800,141.02711
pretest_801,305.8924
pretest_802,76.3395
pretest_803,50.087784
pretest_804,72.35933
pretest_805,106.94446
pretest_806,131.72821
pretest_807,199.01187
pretest_808,134.98767
pretest_809,111.9265
pretest_810,92.63622
pretest_811,180.08127
pretest_812,79.73639
pretest_813,104.79929
pretest_814,85.42712
pretest_815,296.14026
pretest_816,157.69171
pretest_817,96.69718
pretest_818,56.43057
pretest_819,215.35638
pretest_820,95.29405
pretest_821,231.46811
pretest_822,66.24185
pretest_823,92.17173
pretest_824,184.17264
pretest_825,76.19003
pretest_826,77.79375
pretest_827,172.281
pretest_828,59.698257
pretest_829,68.74733
pretest_830,87.54777
pretest_831,169.06558
pretest_832,80.980354
pretest_833,87.73178
pretest_834,127.058914
pretest_835,65.00296
pretest_836,196.01198
pretest_837,97.77875
pretest_838,85.8616
pretest_839,211.67116
pretest_840,65.30681
pretest_841,75.233536
pretest_842,143.7711
pretest_843,416.02713
pretest_844,123.37324
pretest_845,76.37272
pretest_846,207.25514
pretest_847,181.59512
pretest_848,77.94553
pretest_849,191.66194
pretest_850,115.34597
pretest_851,90.60089
pretest_852,149.2592
pretest_853,118.20218
pretest_854,125.09896
pretest_855,136.28152
pretest_856,165.10822
pretest_857,91.40407
pretest_858,167.2536
pretest_859,101.81396
pretest_860,200.19064
pretest_861,182.3449
pretest_862,65.43216
pretest_863,78.3847
pretest_864,63.9114
pretest_865,174.0886
pretest_866,80.15227
pretest_867,67.87104
pretest_868,203.056
pretest_869,89.45372
pretest_870,110.20943
pretest_871,91.44482
pretest_872,69.20543
pretest_873,310.37738
pretest_874,201.6239
pretest_875,107.03194
pretest_876,158.02948
pretest_877,77.66061
pretest_878,86.4109
pretest_879,73.378006
pretest_880,141.56323
pretest_881,252.44864
pretest_882,162.56114
pretest_883,122.60656
pretest_884,127.20433
pretest_885,102.27562
pretest_886,67.71566
pretest_887,71.00933
pretest_888,85.65204
pretest_889,117.129295
pretest_890,159.42032
pretest_891,236.95158
pretest_892,81.084755
pretest_893,104.77737
pretest_894,257.81467
pretest_895,68.989136
pretest_896,78.68526
pretest_897,254.41534
pretest_898,68.30405
pretest_899,78.637764
pretest_900,101.39454
pretest_901,161.32562
pretest_902,72.64873
pretest_903,86.28381
pretest_904,78.261856
pretest_905,111.70389
pretest_906,116.17214
pretest_907,169.4576
pretest_908,90.97305
pretest_909,215.88945
pretest_910,95.69513
pretest_911,98.556946
pretest_912,154.92361
pretest_913,170.05411
pretest_914,80.7291
pretest_915,84.48312
pretest_916,135.14911
pretest_917,94.43143
pretest_918,97.13719
pretest_919,163.09476
pretest_920,157.09787
pretest_921,110.48314
pretest_922,122.82006
pretest_923,49.00442
pretest_924,68.5359
pretest_925,102.24305
pretest_926,76.18281
pretest_927,131.9932
pretest_928,48.23675
pretest_929,63.340897
pretest_930,88.50604
pretest_931,251.25748
pretest_932,59.256702
pretest_933,158.04268
pretest_934,109.3416
pretest_935,213.95772
pretest_936,143.40771
pretest_937,86.63908
pretest_938,175.34311
pretest_939,124.48977
pretest_940,224.47186
pretest_941,93.418
pretest_942,210.17946
pretest_943,74.56608
pretest_944,143.01057
pretest_945,72.18421
pretest_946,325.55673
pretest_947,281.2182
pretest_948,109.657585
pretest_949,124.50926
pretest_950,162.26062
pretest_951,83.50957
pretest_952,119.14729
pretest_953,153.74332
pretest_954,215.52698
pretest_955,149.89505
pretest_956,208.24077
pretest_957,91.90118
pretest_958,73.50766
pretest_959,69.23675
pretest_960,205.77032
pretest_961,137.33575
pretest_962,103.84959
pretest_963,72.11979
pretest_964,65.658264
pretest_965,99.73963
pretest_966,103.16252
pretest_967,87.81437
pretest_968,195.45427
pretest_969,83.97987
pretest_970,100.06427
pretest_971,75.57088
pretest_972,110.58754
pretest_973,265.57465
pretest_974,78.80937
pretest_975,230.0756
pretest_976,89.3428
pretest_977,119.10336
pretest_978,116.4092
pretest_979,103.40536
pretest_980,234.99994
pretest_981,63.246162
pretest_982,108.564804
pretest_983,165.6228
pretest_984,244.67496
pretest_985,105.59932
pretest_986,224.45789
pretest_987,45.705246
pretest_988,250.4003
pretest_989,70.951996
pretest_990,87.188126
pretest_991,385.60483
pretest_992,79.29467
pretest_993,89.529144
pretest_994,88.688095
pretest_995,65.8753
pretest_996,151.38126
pretest_997,181.90417
pretest_998,72.51465
pretest_999,144.10568
pretest_1000,123.256294
pretest_1001,63.651978
pretest_1002,166.08307
pretest_1003,80.03674
pretest_1004,56.80639
pretest_1005,90.87201
pretest_1006,94.489944
pretest_1007,85.81673
pretest_1008,54.863533
pretest_1009,121.26576
pretest_1010,129.60593
pretest_1011,95.4799
pretest_1012,176.27664
pretest_1013,178.92018
pretest_1014,98.16055
pretest_1015,182.03616
pretest_1016,66.33495
pretest_1017,91.25621
pretest_1018,112.583664
pretest_1019,132.36053
pretest_1020,65.78964
pretest_1021,100.559326
pretest_1022,69.651245
pretest_1023,87.232704
pretest_1024,70.72668
pretest_1025,70.91074
pretest_1026,319.50723
pretest_1027,74.65408
pretest_1028,200.39844
pretest_1029,109.534805
pretest_1030,357.23996
pretest_1031,67.59392
pretest_1032,85.78149
pretest_1033,86.88298
pretest_1034,81.69244
pretest_1035,103.400154
pretest_1036,76.764404
pretest_1037,66.82761
pretest_1038,68.60687
pretest_1039,56.252068
pretest_1040,97.66455
pretest_1041,92.36066
pretest_1042,71.368515
pretest_1043,88.05158
pretest_1044,247.69603
pretest_1045,68.267975
pretest_1046,153.23335
pretest_1047,65.71721
pretest_1048,80.094475
pretest_1049,98.936066
pretest_1050,88.606255
pretest_1051,206.97232
pretest_1052,104.85054
pretest_1053,186.93872
pretest_1054,115.648575
pretest_1055,203.46642
pretest_1056,73.435974
pretest_1057,203.0023
pretest_1058,164.65529
pretest_1059,185.43414
pretest_1060,80.10309
pretest_1061,246.35751
pretest_1062,83.69757
pretest_1063,160.2478
pretest_1064,65.73205
pretest_1065,168.30151
pretest_1066,106.03273
pretest_1067,60.019447
pretest_1068,99.344086
pretest_1069,161.8771
pretest_1070,119.94748
pretest_1071,101.546326
pretest_1072,61.00569
pretest_1073,167.74954
pretest_1074,130.73561
pretest_1075,71.184105
pretest_1076,144.20216
pretest_1077,114.723045
pretest_1078,86.652565
pretest_1079,86.28407
pretest_1080,118.97514
pretest_1081,73.88694
pretest_1082,343.50595
pretest_1083,87.408646
pretest_1084,73.25386
pretest_1085,90.59418
pretest_1086,91.103096
pretest_1087,83.08878
pretest_1088,63.7919
pretest_1089,87.33009
pretest_1090,70.314514
pretest_1091,167.46928
pretest_1092,208.24806
pretest_1093,159.14758
pretest_1094,54.061428
pretest_1095,69.133156
pretest_1096,238.6911
pretest_1097,135.8391
pretest_1098,317.13394
pretest_1099,196.12204
pretest_1100,65.28791
pretest_1101,173.6268
pretest_1102,68.56214
pretest_1103,85.26814
pretest_1104,106.505
pretest_1105,113.751724
pretest_1106,92.43552
pretest_1107,126.01062
pretest_1108,111.18494
pretest_1109,50.68357
pretest_1110,178.8778
pretest_1111,277.50296
pretest_1112,176.43744
pretest_1113,63.733932
pretest_1114,64.06991
pretest_1115,65.76984
pretest_1116,79.215515
pretest_1117,94.77569
pretest_1118,76.14455
pretest_1119,88.805664
pretest_1120,83.18736
pretest_1121,169.17719
pretest_1122,214.32437
pretest_1123,63.150173
pretest_1124,170.87842
pretest_1125,187.59781
pretest_1126,73.37265
pretest_1127,160.2891
pretest_1128,69.07042
pretest_1129,94.58693
pretest_1130,209.56017
pretest_1131,253.71361
pretest_1132,67.69737
pretest_1133,189.17642
pretest_1134,186.72922
pretest_1135,71.80887
pretest_1136,100.40126
pretest_1137,99.82269
pretest_1138,100.537834
pretest_1139,77.65616
pretest_1140,99.22066
pretest_1141,100.51912
pretest_1142,64.68328
pretest_1143,73.088104
pretest_1144,267.71054
pretest_1145,99.44627
pretest_1146,248.48674
pretest_1147,198.28345
pretest_1148,152.48996
pretest_1149,97.21756
pretest_1150,168.03638
pretest_1151,163.42705
pretest_1152,118.80845
pretest_1153,71.64691
pretest_1154,116.89383
pretest_1155,99.47318
pretest_1156,77.92067
pretest_1157,114.79342
pretest_1158,53.646515
pretest_1159,67.54316
pretest_1160,99.15787
pretest_1161,62.236095
pretest_1162,81.96057
pretest_1163,113.80237
pretest_1164,174.64954
pretest_1165,212.60986
pretest_1166,66.83081
pretest_1167,100.79243
pretest_1168,111.4741
pretest_1169,90.959885
pretest_1170,158.60178
pretest_1171,203.716
pretest_1172,67.78532
pretest_1173,121.9849
pretest_1174,127.68172
pretest_1175,194.27576
pretest_1176,112.40846
pretest_1177,183.9328
pretest_1178,168.29742
pretest_1179,95.238
pretest_1180,136.25009
pretest_1181,107.35937
pretest_1182,74.26348
pretest_1183,92.42488
pretest_1184,117.90363
pretest_1185,78.892136
pretest_1186,223.24884
pretest_1187,119.80368
pretest_1188,186.04147
pretest_1189,104.51347
pretest_1190,60.48224
pretest_1191,202.64548
pretest_1192,91.10349
pretest_1193,195.74469
pretest_1194,198.06168
pretest_1195,290.15347
pretest_1196,209.58492
pretest_1197,104.81058
pretest_1198,144.03577
pretest_1199,79.66307
pretest_1200,74.55752
pretest_1201,139.30276
pretest_1202,88.21669
pretest_1203,137.69965
pretest_1204,111.3917
pretest_1205,250.68085
pretest_1206,80.258354
pretest_1207,72.99725
pretest_1208,243.85974
pretest_1209,58.18545
pretest_1210,115.774956
pretest_1211,77.33164
pretest_1212,122.67964
pretest_1213,65.22531
pretest_1214,126.0952
pretest_1215,76.18836
pretest_1216,296.87704
pretest_1217,152.8721
pretest_1218,186.7587
pretest_1219,165.12277
pretest_1220,75.214554
pretest_1221,89.29096
pretest_1222,76.1784
pretest_1223,200.47989
pretest_1224,67.298225
pretest_1225,90.061325
pretest_1226,154.26236
pretest_1227,118.093895
pretest_1228,77.53691
pretest_1229,74.41351
pretest_1230,188.06915
pretest_1231,75.72739
pretest_1232,159.26105
pretest_1233,145.60532
pretest_1234,66.1009
pretest_1235,91.79971
pretest_1236,107.59429
pretest_1237,411.30167
pretest_1238,73.23911
pretest_1239,70.16403
pretest_1240,180.3815
pretest_1241,142.72217
pretest_1242,74.85727
pretest_1243,100.7677
pretest_1244,97.85572
pretest_1245,54.678284
pretest_1246,73.40371
pretest_1247,74.00801
pretest_1248,135.87837
pretest_1249,128.83405
pretest_1250,159.07022
pretest_1251,72.247635
pretest_1252,180.16248
pretest_1253,63.112617
pretest_1254,106.627174
pretest_1255,195.24115
pretest_1256,182.1875
pretest_1257,74.88175
pretest_1258,64.375534
pretest_1259,193.94049
pretest_1260,82.83778
pretest_1261,233.0567
pretest_1262,48.71553
pretest_1263,303.46188
pretest_1264,98.95963
pretest_1265,143.83105
pretest_1266,67.82639
pretest_1267,127.9819
pretest_1268,100.81615
pretest_1269,92.50742
pretest_1270,85.164566
pretest_1271,65.99356
pretest_1272,296.3491
pretest_1273,52.765427
pretest_1274,143.66277
pretest_1275,85.77147
pretest_1276,127.86873
pretest_1277,81.974846
pretest_1278,52.62776
pretest_1279,81.62833
pretest_1280,179.50357
pretest_1281,144.42264
pretest_1282,152.19193
pretest_1283,66.311966
pretest_1284,96.594696
pretest_1285,162.09256
pretest_1286,67.12762
pretest_1287,88.92218
pretest_1288,201.30243
pretest_1289,83.43062
pretest_1290,84.15886
pretest_1291,99.400955
pretest_1292,207.1212
pretest_1293,87.594925
pretest_1294,67.88777
pretest_1295,250.98117
pretest_1296,135.36464
pretest_1297,260.03
pretest_1298,62.610382
pretest_1299,82.90573
pretest_1300,142.7382
pretest_1301,76.52346
pretest_1302,57.99339
pretest_1303,69.62157
pretest_1304,88.16092
pretest_1305,86.106224
pretest_1306,63.552944
pretest_1307,79.13571
pretest_1308,187.73917
pretest_1309,140.35645
pretest_1310,192.96402
pretest_1311,96.35022
pretest_1312,88.70491
pretest_1313,80.75806
pretest_1314,86.90587
pretest_1315,65.548004
pretest_1316,106.9399
pretest_1317,55.788338
pretest_1318,92.11083
pretest_1319,106.12945
pretest_1320,96.12844
pretest_1321,298.84625
pretest_1322,62.840664
pretest_1323,131.6894
pretest_1324,109.20338
pretest_1325,75.70228
pretest_1326,106.87385
pretest_1327,145.1132
pretest_1328,150.7752
pretest_1329,223.4068
pretest_1330,164.5839
pretest_1331,74.55592
pretest_1332,126.57315
pretest_1333,67.241196
pretest_1334,95.7112
pretest_1335,80.09879
pretest_1336,52.5875
pretest_1337,131.84152
pretest_1338,93.94027
pretest_1339,92.50312
pretest_1340,99.68186
pretest_1341,94.67523
pretest_1342,111.23614
pretest_1343,71.010735
pretest_1344,158.61707
pretest_1345,93.14389
pretest_1346,79.05045
pretest_1347,85.00234
pretest_1348,226.26923
pretest_1349,105.16629
pretest_1350,73.58685
pretest_1351,155.46652
pretest_1352,74.454
pretest_1353,72.031494
pretest_1354,74.62776
pretest_1355,89.13461
pretest_1356,64.07651
pretest_1357,58.286526
pretest_1358,157.67659
pretest_1359,180.70522
pretest_1360,83.741806
pretest_1361,229.6791
pretest_1362,147.59619
pretest_1363,99.027374
pretest_1364,41.028717
pretest_1365,97.07069
pretest_1366,85.43912
pretest_1367,88.91187
pretest_1368,184.29128
pretest_1369,77.98538
pretest_1370,160.4001
pretest_1371,163.2771
pretest_1372,237.39603
pretest_1373,69.0831
pretest_1374,85.05942
pretest_1375,88.33942
pretest_1376,89.455025
pretest_1377,208.6947
pretest_1378,230.3338
pretest_1379,151.62967
pretest_1380,257.37476
pretest_1381,132.30135
pretest_1382,94.967445
pretest_1383,81.49428
pretest_1384,64.5543
pretest_1385,202.8528
pretest_1386,122.39467
pretest_1387,94.95158
pretest_1388,270.55734
pretest_1389,102.89638
pretest_1390,170.85678
pretest_1391,81.93631
pretest_1392,195.78012
pretest_1393,162.46542
pretest_1394,139.79698
pretest_1395,74.6611
pretest_1396,99.292114
pretest_1397,273.84216
pretest_1398,73.49356
pretest_1399,136.53815
pretest_1400,88.57867
pretest_1401,223.74722
pretest_1402,166.94469
pretest_1403,56.596985
pretest_1404,108.043396
pretest_1405,243.29951
pretest_1406,164.47935
pretest_1407,121.94909
pretest_1408,125.45607
pretest_1409,64.335526
pretest_1410,92.85568
pretest_1411,76.46182
pretest_1412,89.06384
pretest_1413,107.31875
pretest_1414,55.843777
pretest_1415,98.17997
pretest_1416,148.41241
pretest_1417,56.375973
pretest_1418,73.77947
pretest_1419,262.07562
pretest_1420,214.90512
pretest_1421,83.62058
pretest_1422,63.452694
pretest_1423,282.60995
pretest_1424,68.4577
pretest_1425,128.12837
pretest_1426,123.17325
pretest_1427,59.767273
pretest_1428,119.30709
pretest_1429,73.37305
pretest_1430,113.81023
pretest_1431,70.495636
pretest_1432,86.17693
pretest_1433,147.25815
pretest_1434,73.7027
pretest_1435,224.15042
pretest_1436,142.1011
pretest_1437,102.65628
pretest_1438,132.78711
pretest_1439,409.84335
pretest_1440,157.04333
pretest_1441,133.12079
pretest_1442,195.26515
pretest_1443,152.21121
pretest_1444,139.10345
pretest_1445,223.43
pretest_1446,63.915516
pretest_1447,150.09947
pretest_1448,162.55997
pretest_1449,71.72212
pretest_1450,57.47151
pretest_1451,68.45879
pretest_1452,63.790417
pretest_1453,163.17148
pretest_1454,196.61629
pretest_1455,154.69778
pretest_1456,257.21945
pretest_1457,129.73927
pretest_1458,61.508408
pretest_1459,159.27023
pretest_1460,77.30336
pretest_1461,98.48675
pretest_1462,87.47391
pretest_1463,87.950424
pretest_1464,144.26892
pretest_1465,79.32637
pretest_1466,226.8125
pretest_1467,102.91866
pretest_1468,91.758705
pretest_1469,214.36885
pretest_1470,346.74026
pretest_1471,63.11686
pretest_1472,152.59277
pretest_1473,67.7514
pretest_1474,61.453552
pretest_1475,90.74449
pretest_1476,86.52214
pretest_1477,79.70242
pretest_1478,72.825745
pretest_1479,192.18704
pretest_1480,157.52919
pretest_1481,79.96538
pretest_1482,121.707214
pretest_1483,81.63224
pretest_1484,70.43548
pretest_1485,138.77858
pretest_1486,58.218056
pretest_1487,83.46993
pretest_1488,306.96573
pretest_1489,68.96614
pretest_1490,92.6831
pretest_1491,210.42433
pretest_1492,68.06133
pretest_1493,81.53457
pretest_1494,379.70877
pretest_1495,101.939354
pretest_1496,71.27941
pretest_1497,67.70607
pretest_1498,162.64554
pretest_1499,88.08929
pretest_1500,114.89102
pretest_1501,37.75
pretest_1502,39.866432
pretest_1503,24.68051
pretest_1504,50.040943
pretest_1505,31.013662
pretest_1506,67.88406
pretest_1507,26.916533
pretest_1508,23.806654
pretest_1509,36.347046
pretest_1510,47.73697
pretest_1511,46.962463
pretest_1512,43.681732
pretest_1513,48.291992
pretest_1514,36.57254
pretest_1515,57.082153
pretest_1516,42.189133
pretest_1517,45.674103
pretest_1518,62.10925
pretest_1519,43.760437
pretest_1520,38.45072
pretest_1521,75.87106
pretest_1522,39.31469
pretest_1523,86.6149
pretest_1524,34.35823
pretest_1525,46.62236
pretest_1526,46.762695
pretest_1527,55.228455
pretest_1528,67.06714
pretest_1529,68.79379
pretest_1530,75.60931
pretest_1531,44.085358
pretest_1532,35.851265
pretest_1533,58.48108
pretest_1534,30.586424
pretest_1535,41.245407
pretest_1536,23.024504
pretest_1537,49.405228
pretest_1538,65.63037
pretest_1539,46.518265
pretest_1540,51.316177
pretest_1541,48.210144
pretest_1542,63.215363
pretest_1543,46.391266
pretest_1544,15.133025
pretest_1545,38.39041
pretest_1546,45.467804
pretest_1547,71.90622
pretest_1548,62.80124
pretest_1549,24.657957
pretest_1550,38.521038
pretest_1551,36.27317
pretest_1552,37.075806
pretest_1553,28.758207
pretest_1554,-116.15219
pretest_1555,48.29299
pretest_1556,66.04544
pretest_1557,43.589096
pretest_1558,49.882507
pretest_1559,69.1861
pretest_1560,66.78415
pretest_1561,46.2052
pretest_1562,48.630077
pretest_1563,42.68036
pretest_1564,50.718754
pretest_1565,66.48898
pretest_1566,51.045166
pretest_1567,79.189514
pretest_1568,27.622694
pretest_1569,116.06682
pretest_1570,61.01712
pretest_1571,61.128754
pretest_1572,73.666046
pretest_1573,55.361847
pretest_1574,63.248077
pretest_1575,61.739838
pretest_1576,52.143036
pretest_1577,54.383812
pretest_1578,54.657124
pretest_1579,74.34558
pretest_1580,26.769531
pretest_1581,41.132477
pretest_1582,37.756012
pretest_1583,46.58072
pretest_1584,71.415344
pretest_1585,53.596157
pretest_1586,57.66214
pretest_1587,64.962585
pretest_1588,86.530426
pretest_1589,23.46337
pretest_1590,-5.7674875
pretest_1591,53.666447
pretest_1592,15.631682
pretest_1593,59.396725
pretest_1594,31.09212
pretest_1595,46.875122
pretest_1596,30.375135
pretest_1597,36.89458
pretest_1598,29.44173
pretest_1599,35.559906
pretest_1600,72.67813
pretest_1601,41.111103
pretest_1602,40.543236
pretest_1603,47.2872
pretest_1604,7.233306
pretest_1605,32.731644
pretest_1606,50.735416
pretest_1607,38.4646
pretest_1608,75.741
pretest_1609,81.709625
pretest_1610,34.863663
pretest_1611,52.118916
pretest_1612,69.61032
pretest_1613,44.210953
pretest_1614,32.089703
pretest_1615,-47.925385
pretest_1616,77.459625
pretest_1617,-5.9616404
pretest_1618,40.19644
pretest_1619,28.40463
pretest_1620,57.53604
pretest_1621,34.449837
pretest_1622,42.364502
pretest_1623,31.653944
pretest_1624,75.7728
pretest_1625,77.936615
pretest_1626,52.53784
pretest_1627,26.723875
pretest_1628,35.371475
pretest_1629,42.564728
pretest_1630,35.073517
pretest_1631,42.11325
pretest_1632,44.95459
pretest_1633,48.103462
pretest_1634,65.46915
pretest_1635,67.79442
pretest_1636,47.13034
pretest_1637,26.426508
pretest_1638,42.093414
pretest_1639,34.9713
pretest_1640,47.046127
pretest_1641,37.448494
pretest_1642,74.36845
pretest_1643,44.51959
pretest_1644,49.3743
pretest_1645,64.21475
pretest_1646,61.1149
pretest_1647,81.36752
pretest_1648,55.14621
pretest_1649,28.67056
pretest_1650,31.566748
pretest_1651,53.601257
pretest_1652,31.637846
pretest_1653,34.459312
pretest_1654,79.538605
pretest_1655,38.50026
pretest_1656,38.29634
pretest_1657,60.98059
pretest_1658,64.38971
pretest_1659,48.97084
pretest_1660,39.273407
pretest_1661,47.54447
pretest_1662,55.470734
pretest_1663,33.790314
pretest_1664,48.08188
pretest_1665,52.66868
pretest_1666,39.43634
pretest_1667,35.695362
pretest_1668,28.08682
pretest_1669,44.48511
pretest_1670,29.606474
pretest_1671,53.851837
pretest_1672,69.92377
pretest_1673,74.54605
pretest_1674,57.27127
pretest_1675,35.128754
pretest_1676,39.222794
pretest_1677,82.072784
pretest_1678,58.60382
pretest_1679,57.485886
pretest_1680,42.79538
pretest_1681,76.57406
pretest_1682,45.06128
pretest_1683,64.52033
pretest_1684,29.700941
pretest_1685,40.65741
pretest_1686,40.7573
pretest_1687,64.789825
pretest_1688,62.978737
pretest_1689,34.02542
pretest_1690,39.656723
pretest_1691,36.69436
pretest_1692,34.959038
pretest_1693,44.171906
pretest_1694,64.793945
pretest_1695,72.99039
pretest_1696,60.654633
pretest_1697,29.995844
pretest_1698,41.988693
pretest_1699,45.715218
pretest_1700,36.91923
pretest_1701,46.616493
pretest_1702,58.131775
pretest_1703,37.584488
pretest_1704,42.649887
pretest_1705,57.922768
pretest_1706,51.443344
pretest_1707,70.25296
pretest_1708,65.64575
pretest_1709,31.62276
pretest_1710,50.42991
pretest_1711,72.86722
pretest_1712,47.03805
pretest_1713,36.442444
pretest_1714,44.757965
pretest_1715,55.900238
pretest_1716,38.543182
pretest_1717,51.579727
pretest_1718,53.550392
pretest_1719,28.81513
pretest_1720,66.30645
pretest_1721,45.802963
pretest_1722,63.591675
pretest_1723,36.12979
pretest_1724,32.730743
pretest_1725,44.259354
pretest_1726,44.95851
pretest_1727,71.21823
pretest_1728,24.31143
pretest_1729,18.049467
pretest_1730,44.708115
pretest_1731,28.620228
pretest_1732,62.27945
pretest_1733,69.3302
pretest_1734,77.42689
pretest_1735,81.0867
pretest_1736,33.2247
pretest_1737,22.147902
pretest_1738,46.948456
pretest_1739,46.473648
pretest_1740,88.49692
pretest_1741,36.148132
pretest_1742,30.110746
pretest_1743,44.75505
pretest_1744,43.117947
pretest_1745,33.843475
pretest_1746,56.36953
pretest_1747,54.592896
pretest_1748,58.593353
pretest_1749,12.769073
pretest_1750,40.96884
pretest_1751,-1.5778514
pretest_1752,36.212746
pretest_1753,17.089628
pretest_1754,47.551952
pretest_1755,39.783936
pretest_1756,71.22586
pretest_1757,89.71872
pretest_1758,37.569687
pretest_1759,46.54567
pretest_1760,67.92966
pretest_1761,67.54385
pretest_1762,58.06413
pretest_1763,50.356735
pretest_1764,52.612743
pretest_1765,44.91583
pretest_1766,31.40174
pretest_1767,39.685135
pretest_1768,37.714584
pretest_1769,-1.2585765
pretest_1770,37.790543
pretest_1771,37.273415
pretest_1772,-21.29532
pretest_1773,76.757965
pretest_1774,51.867676
pretest_1775,24.745268
pretest_1776,73.16885
pretest_1777,47.314316
pretest_1778,20.671293
pretest_1779,28.201017
pretest_1780,72.83896
pretest_1781,42.952034
pretest_1782,70.01596
pretest_1783,63.59546
pretest_1784,56.17796
pretest_1785,62.450256
pretest_1786,66.7011
pretest_1787,51.12526
pretest_1788,74.91437
pretest_1789,33.71891
pretest_1790,68.574524
pretest_1791,41.74771
pretest_1792,77.18387
pretest_1793,53.78479
pretest_1794,44.051666
pretest_1795,45.883698
pretest_1796,49.01863
pretest_1797,52.40233
pretest_1798,37.61893
pretest_1799,72.67154
pretest_1800,42.861237
pretest_1801,48.11232
pretest_1802,75.70655
pretest_1803,50.72322
pretest_1804,80.40549
pretest_1805,42.681747
pretest_1806,77.2991
pretest_1807,69.23276
pretest_1808,40.011105
pretest_1809,61.255524
pretest_1810,45.9192
pretest_1811,61.786957
pretest_1812,43.52951
pretest_1813,41.842777
pretest_1814,-130.76328
pretest_1815,46.062958
pretest_1816,10.777068
pretest_1817,42.86502
pretest_1818,51.974327
pretest_1819,40.39093
pretest_1820,51.28302
pretest_1821,48.33452
pretest_1822,56.443268
pretest_1823,50.531803
pretest_1824,63.820618
pretest_1825,44.294228
pretest_1826,65.018585
pretest_1827,35.675568
pretest_1828,41.596478
pretest_1829,57.475006
pretest_1830,73.54135
pretest_1831,121.51943
pretest_1832,57.332977
pretest_1833,54.94229
pretest_1834,57.783173
pretest_1835,36.232697
pretest_1836,49.130722
pretest_1837,72.63083
pretest_1838,2.7675467
pretest_1839,46.99188
pretest_1840,62.40045
pretest_1841,24.69589
pretest_1842,25.450224
pretest_1843,75.85373
pretest_1844,44.369576
pretest_1845,-2.0905466
pretest_1846,35.744843
pretest_1847,69.017
pretest_1848,44.59732
pretest_1849,38.86612
pretest_1850,89.80252
pretest_1851,60.138016
pretest_1852,65.17757
pretest_1853,48.334057
pretest_1854,88.94864
pretest_1855,56.013382
pretest_1856,33.69867
pretest_1857,38.08909
pretest_1858,66.23312
pretest_1859,85.81607
pretest_1860,57.73127
pretest_1861,62.906677
pretest_1862,56.25598
pretest_1863,48.09836
pretest_1864,60.02597
pretest_1865,43.594025
pretest_1866,47.438065
pretest_1867,39.41855
pretest_1868,27.82559
pretest_1869,67.013855
pretest_1870,26.525175
pretest_1871,72.70572
pretest_1872,43.04637
pretest_1873,33.590347
pretest_1874,75.02634
pretest_1875,51.014866
pretest_1876,54.403915
pretest_1877,51.231537
pretest_1878,17.543913
pretest_1879,69.58899
pretest_1880,72.961945
pretest_1881,40.297028
pretest_1882,-44.959442
pretest_1883,65.79523
pretest_1884,38.094154
pretest_1885,74.08511
pretest_1886,73.526306
pretest_1887,69.23868
pretest_1888,48.139282
pretest_1889,60.801605
pretest_1890,34.612717
pretest_1891,31.313738
pretest_1892,38.81833
pretest_1893,51.208862
pretest_1894,31.73448
pretest_1895,38.47019
pretest_1896,38.00533
pretest_1897,59.08133
pretest_1898,51.368393
pretest_1899,26.046415
pretest_1900,39.32347
pretest_1901,36.18017
pretest_1902,17.693327
pretest_1903,43.72146
pretest_1904,78.26651
pretest_1905,57.245586
pretest_1906,21.462797
pretest_1907,29.75118
pretest_1908,52.267838
pretest_1909,35.89804
pretest_1910,51.91921
pretest_1911,52.500916
pretest_1912,48.08583
pretest_1913,46.37529
pretest_1914,26.307615
pretest_1915,49.328117
pretest_1916,49.679947
pretest_1917,42.189514
pretest_1918,47.982544
pretest_1919,40.800964
pretest_1920,57.99704
pretest_1921,47.711906
pretest_1922,31.168058
pretest_1923,51.581158
pretest_1924,53.635498
pretest_1925,29.645811
pretest_1926,60.47532
pretest_1927,86.73752
pretest_1928,53.432247
pretest_1929,40.685463
pretest_1930,42.92636
pretest_1931,44.595245
pretest_1932,49.65146
pretest_1933,80.8613
pretest_1934,32.420948
pretest_1935,49.60748
pretest_1936,44.179047
pretest_1937,38.20041
pretest_1938,58.75995
pretest_1939,49.727554
pretest_1940,65.51523
pretest_1941,45.98282
pretest_1942,70.414825
pretest_1943,34.17885
pretest_1944,46.812958
pretest_1945,61.329315
pretest_1946,32.788788
pretest_1947,67.60458
pretest_1948,27.990965
pretest_1949,52.33766
pretest_1950,71.8577
pretest_1951,51.665924
pretest_1952,-0.7287303
pretest_1953,84.13052
pretest_1954,69.157074
pretest_1955,22.990812
pretest_1956,36.892822
pretest_1957,46.74902
pretest_1958,92.955475
pretest_1959,56.927338
pretest_1960,50.914
pretest_1961,57.44754
pretest_1962,57.14453
pretest_1963,26.089933
pretest_1964,41.547653
pretest_1965,23.52638
pretest_1966,53.542572
pretest_1967,71.736595
pretest_1968,33.776855
pretest_1969,71.901276
pretest_1970,47.68779
pretest_1971,55.08254
pretest_1972,49.18287
pretest_1973,37.503014
pretest_1974,27.01525
pretest_1975,37.411102
pretest_1976,51.363068
pretest_1977,-69.85324
pretest_1978,53.143116
pretest_1979,31.838127
pretest_1980,79.70865
pretest_1981,50.880157
pretest_1982,73.84833
pretest_1983,33.580147
pretest_1984,-5.401948
pretest_1985,37.696777
pretest_1986,52.536858
pretest_1987,66.484985
pretest_1988,38.316376
pretest_1989,81.64035
pretest_1990,39.588516
pretest_1991,51.479156
pretest_1992,50.138794
pretest_1993,56.822136
pretest_1994,42.161148
pretest_1995,32.615196
pretest_1996,48.36653
pretest_1997,46.583275
pretest_1998,37.44519
pretest_1999,42.51303
pretest_2000,63.10031
