id,CO2_working_capacity [mL/g]
pretest_1,89.05319
pretest_2,135.89786
pretest_3,211.60391
pretest_4,76.23598
pretest_5,90.52685
pretest_6,315.30692
pretest_7,108.5405
pretest_8,84.13992
pretest_9,74.34323
pretest_10,402.1122
pretest_11,206.90369
pretest_12,196.14442
pretest_13,115.222885
pretest_14,250.00977
pretest_15,287.24008
pretest_16,87.08802
pretest_17,66.44398
pretest_18,64.2652
pretest_19,74.18208
pretest_20,172.5904
pretest_21,60.074566
pretest_22,228.94469
pretest_23,196.70065
pretest_24,114.126
pretest_25,173.00513
pretest_26,183.76862
pretest_27,82.74396
pretest_28,116.78506
pretest_29,68.20306
pretest_30,106.9028
pretest_31,179.83563
pretest_32,73.98773
pretest_33,104.62627
pretest_34,71.246155
pretest_35,129.5527
pretest_36,126.09403
pretest_37,82.21583
pretest_38,80.334946
pretest_39,108.13451
pretest_40,137.3372
pretest_41,119.34635
pretest_42,321.60834
pretest_43,89.83495
pretest_44,287.23215
pretest_45,166.49005
pretest_46,147.87468
pretest_47,105.399826
pretest_48,171.98022
pretest_49,153.79657
pretest_50,61.05901
pretest_51,114.45614
pretest_52,139.4326
pretest_53,83.684586
pretest_54,191.7789
pretest_55,137.82538
pretest_56,94.5664
pretest_57,89.44913
pretest_58,92.90985
pretest_59,159.31963
pretest_60,80.322266
pretest_61,238.87851
pretest_62,71.73906
pretest_63,86.224754
pretest_64,177.59259
pretest_65,92.09764
pretest_66,169.63336
pretest_67,117.98422
pretest_68,169.2468
pretest_69,221.43692
pretest_70,62.720783
pretest_71,355.81094
pretest_72,119.2592
pretest_73,73.5162
pretest_74,192.2298
pretest_75,243.1893
pretest_76,180.76189
pretest_77,244.77222
pretest_78,99.00977
pretest_79,135.69559
pretest_80,79.23488
pretest_81,108.004
pretest_82,137.30719
pretest_83,102.71864
pretest_84,201.20952
pretest_85,113.61595
pretest_86,73.59733
pretest_87,120.53038
pretest_88,175.05626
pretest_89,101.414734
pretest_90,196.88225
pretest_91,99.93968
pretest_92,205.88237
pretest_93,128.84238
pretest_94,215.97668
pretest_95,70.93439
pretest_96,161.23827
pretest_97,81.97136
pretest_98,88.922806
pretest_99,157.0559
pretest_100,90.579
pretest_101,85.71326
pretest_102,100.61148
pretest_103,115.7746
pretest_104,139.00883
pretest_105,76.95476
pretest_106,115.63634
pretest_107,103.29925
pretest_108,218.0846
pretest_109,66.2462
pretest_110,82.12904
pretest_111,133.04085
pretest_112,166.7567
pretest_113,318.2194
pretest_114,92.72409
pretest_115,144.91046
pretest_116,61.776276
pretest_117,157.47702
pretest_118,98.89047
pretest_119,278.4395
pretest_120,116.620255
pretest_121,73.66803
pretest_122,135.29083
pretest_123,124.0662
pretest_124,154.18745
pretest_125,164.81439
pretest_126,60.61784
pretest_127,151.04851
pretest_128,229.32886
pretest_129,87.59511
pretest_130,156.43913
pretest_131,193.82156
pretest_132,115.218285
pretest_133,286.81424
pretest_134,97.16962
pretest_135,188.7726
pretest_136,218.21056
pretest_137,221.06145
pretest_138,171.89172
pretest_139,105.57126
pretest_140,84.66944
pretest_141,79.20258
pretest_142,67.7657
pretest_143,103.01761
pretest_144,111.8217
pretest_145,64.69268
pretest_146,110.545425
pretest_147,94.60929
pretest_148,181.98846
pretest_149,139.80617
pretest_150,95.783195
pretest_151,70.3611
pretest_152,224.09984
pretest_153,118.44997
pretest_154,70.63597
pretest_155,341.15768
pretest_156,234.28601
pretest_157,87.42179
pretest_158,298.54816
pretest_159,130.58725
pretest_160,207.10652
pretest_161,208.95477
pretest_162,118.547356
pretest_163,116.13791
pretest_164,94.56401
pretest_165,121.45459
pretest_166,264.3981
pretest_167,266.57047
pretest_168,275.24442
pretest_169,89.60598
pretest_170,142.75706
pretest_171,210.81097
pretest_172,89.24722
pretest_173,107.7714
pretest_174,159.66336
pretest_175,163.99776
pretest_176,94.77916
pretest_177,85.10666
pretest_178,79.7757
pretest_179,148.74176
pretest_180,106.03415
pretest_181,85.86952
pretest_182,63.24867
pretest_183,118.32142
pretest_184,183.90323
pretest_185,82.930336
pretest_186,82.07296
pretest_187,106.73494
pretest_188,79.356155
pretest_189,153.2515
pretest_190,123.5726
pretest_191,96.95174
pretest_192,63.656902
pretest_193,86.54012
pretest_194,134.99553
pretest_195,157.74934
pretest_196,70.650475
pretest_197,219.80179
pretest_198,51.002316
pretest_199,73.44922
pretest_200,138.69763
pretest_201,124.99167
pretest_202,133.0368
pretest_203,55.034817
pretest_204,70.10123
pretest_205,92.22354
pretest_206,87.0263
pretest_207,69.51415
pretest_208,190.77621
pretest_209,76.24496
pretest_210,164.79704
pretest_211,72.82199
pretest_212,128.05144
pretest_213,197.14224
pretest_214,126.93689
pretest_215,86.14603
pretest_216,113.6437
pretest_217,80.141846
pretest_218,97.30046
pretest_219,156.44055
pretest_220,75.45116
pretest_221,118.8936
pretest_222,214.33926
pretest_223,113.33627
pretest_224,108.76854
pretest_225,90.57913
pretest_226,140.48062
pretest_227,100.88716
pretest_228,92.05969
pretest_229,287.3063
pretest_230,123.73448
pretest_231,96.71983
pretest_232,87.80221
pretest_233,76.87911
pretest_234,82.39123
pretest_235,167.80019
pretest_236,194.20226
pretest_237,96.1706
pretest_238,91.27714
pretest_239,141.41241
pretest_240,122.65813
pretest_241,97.826324
pretest_242,223.09007
pretest_243,141.64346
pretest_244,76.300964
pretest_245,113.78612
pretest_246,73.718216
pretest_247,123.35438
pretest_248,72.78
pretest_249,222.1883
pretest_250,139.39212
pretest_251,113.67099
pretest_252,266.19208
pretest_253,213.87791
pretest_254,134.28836
pretest_255,231.83269
pretest_256,253.6399
pretest_257,109.643234
pretest_258,127.153404
pretest_259,286.23083
pretest_260,187.77432
pretest_261,78.158356
pretest_262,123.86296
pretest_263,146.58664
pretest_264,98.0542
pretest_265,179.59386
pretest_266,109.5539
pretest_267,235.58893
pretest_268,78.41334
pretest_269,64.97151
pretest_270,139.40123
pretest_271,88.89153
pretest_272,150.33203
pretest_273,104.14955
pretest_274,67.503426
pretest_275,58.886578
pretest_276,118.79289
pretest_277,77.15082
pretest_278,125.78855
pretest_279,245.25708
pretest_280,86.528694
pretest_281,431.10614
pretest_282,227.91977
pretest_283,207.65079
pretest_284,98.60711
pretest_285,100.770515
pretest_286,93.45693
pretest_287,170.72112
pretest_288,59.960796
pretest_289,142.89055
pretest_290,155.71194
pretest_291,160.48523
pretest_292,187.7597
pretest_293,87.85539
pretest_294,337.72134
pretest_295,72.97383
pretest_296,216.3024
pretest_297,93.3715
pretest_298,192.70444
pretest_299,142.37172
pretest_300,75.082306
pretest_301,146.4086
pretest_302,105.7706
pretest_303,91.95964
pretest_304,328.8119
pretest_305,166.01208
pretest_306,198.1766
pretest_307,62.39056
pretest_308,88.48577
pretest_309,193.33875
pretest_310,87.46082
pretest_311,120.94891
pretest_312,87.402695
pretest_313,107.20869
pretest_314,109.54791
pretest_315,191.11769
pretest_316,127.42792
pretest_317,122.98056
pretest_318,87.11571
pretest_319,79.97949
pretest_320,175.6611
pretest_321,112.61539
pretest_322,81.08757
pretest_323,121.69354
pretest_324,81.89224
pretest_325,138.6704
pretest_326,121.36563
pretest_327,137.69955
pretest_328,91.27367
pretest_329,78.59827
pretest_330,60.98318
pretest_331,226.53065
pretest_332,148.21729
pretest_333,129.6639
pretest_334,100.10125
pretest_335,91.43736
pretest_336,107.20288
pretest_337,101.30053
pretest_338,255.98148
pretest_339,371.75568
pretest_340,164.24152
pretest_341,65.347664
pretest_342,89.53578
pretest_343,133.57993
pretest_344,187.23192
pretest_345,377.42172
pretest_346,151.96443
pretest_347,192.98593
pretest_348,281.70462
pretest_349,101.26105
pretest_350,203.75728
pretest_351,74.145325
pretest_352,91.13603
pretest_353,88.64425
pretest_354,115.17031
pretest_355,68.4113
pretest_356,148.15207
pretest_357,232.2761
pretest_358,100.06914
pretest_359,88.40979
pretest_360,465.6673
pretest_361,98.12294
pretest_362,94.66112
pretest_363,180.26779
pretest_364,97.54108
pretest_365,138.59204
pretest_366,196.27301
pretest_367,753.74066
pretest_368,276.42175
pretest_369,134.43512
pretest_370,279.91815
pretest_371,163.85399
pretest_372,116.02665
pretest_373,264.21902
pretest_374,144.4609
pretest_375,74.653694
pretest_376,126.08861
pretest_377,143.28943
pretest_378,203.99501
pretest_379,65.87059
pretest_380,205.5839
pretest_381,58.79002
pretest_382,294.93906
pretest_383,270.7526
pretest_384,186.19286
pretest_385,75.11515
pretest_386,78.02153
pretest_387,170.46857
pretest_388,238.93481
pretest_389,155.04654
pretest_390,135.76248
pretest_391,87.9982
pretest_392,109.50396
pretest_393,220.98563
pretest_394,214.23235
pretest_395,268.5738
pretest_396,94.261635
pretest_397,165.68669
pretest_398,186.55023
pretest_399,151.26886
pretest_400,178.01668
pretest_401,104.024284
pretest_402,93.34204
pretest_403,111.95131
pretest_404,84.857864
pretest_405,215.2874
pretest_406,83.04482
pretest_407,110.01862
pretest_408,127.31362
pretest_409,98.1743
pretest_410,91.494995
pretest_411,303.52457
pretest_412,113.4158
pretest_413,115.70318
pretest_414,213.44667
pretest_415,141.31667
pretest_416,106.93478
pretest_417,100.23401
pretest_418,298.66058
pretest_419,223.44412
pretest_420,93.25248
pretest_421,99.63854
pretest_422,81.75761
pretest_423,80.122696
pretest_424,254.6518
pretest_425,238.27153
pretest_426,94.38362
pretest_427,105.60708
pretest_428,184.73994
pretest_429,123.9429
pretest_430,225.4935
pretest_431,328.95425
pretest_432,133.501
pretest_433,245.08318
pretest_434,311.58017
pretest_435,77.612724
pretest_436,66.802086
pretest_437,93.19096
pretest_438,74.69009
pretest_439,158.35245
pretest_440,127.33127
pretest_441,126.377106
pretest_442,155.14595
pretest_443,255.14458
pretest_444,52.980007
pretest_445,71.30846
pretest_446,60.285046
pretest_447,90.821884
pretest_448,268.27118
pretest_449,115.513565
pretest_450,77.35415
pretest_451,346.54785
pretest_452,71.809074
pretest_453,76.64649
pretest_454,83.92223
pretest_455,142.92328
pretest_456,58.449284
pretest_457,81.85166
pretest_458,373.10815
pretest_459,122.9572
pretest_460,171.10121
pretest_461,81.45741
pretest_462,232.47112
pretest_463,129.94725
pretest_464,86.11195
pretest_465,355.43616
pretest_466,96.62616
pretest_467,95.00493
pretest_468,214.79964
pretest_469,275.0275
pretest_470,160.18945
pretest_471,190.67099
pretest_472,188.44087
pretest_473,114.70545
pretest_474,209.96126
pretest_475,361.71738
pretest_476,195.62651
pretest_477,82.59042
pretest_478,61.57507
pretest_479,116.26987
pretest_480,238.68437
pretest_481,94.18318
pretest_482,254.85175
pretest_483,133.80978
pretest_484,71.80194
pretest_485,123.63245
pretest_486,99.21234
pretest_487,87.91341
pretest_488,117.720184
pretest_489,70.25876
pretest_490,122.69423
pretest_491,96.9871
pretest_492,75.647934
pretest_493,104.617065
pretest_494,119.189545
pretest_495,132.93579
pretest_496,94.77376
pretest_497,83.673355
pretest_498,117.83341
pretest_499,239.4206
pretest_500,287.28366
pretest_501,132.82578
pretest_502,123.9898
pretest_503,312.56766
pretest_504,121.445015
pretest_505,90.872406
pretest_506,73.85514
pretest_507,99.64322
pretest_508,179.20622
pretest_509,74.39697
pretest_510,141.20107
pretest_511,386.43494
pretest_512,201.67253
pretest_513,72.25787
pretest_514,227.98888
pretest_515,67.14624
pretest_516,158.5275
pretest_517,108.399895
pretest_518,65.807816
pretest_519,67.8017
pretest_520,97.189156
pretest_521,84.011734
pretest_522,273.31644
pretest_523,95.86619
pretest_524,115.11598
pretest_525,75.98654
pretest_526,106.13486
pretest_527,152.6657
pretest_528,89.73353
pretest_529,221.81288
pretest_530,89.05177
pretest_531,63.21278
pretest_532,259.3065
pretest_533,202.91913
pretest_534,82.88547
pretest_535,151.36093
pretest_536,64.14369
pretest_537,279.14703
pretest_538,160.20204
pretest_539,69.66325
pretest_540,72.43351
pretest_541,77.951126
pretest_542,80.26473
pretest_543,187.19702
pretest_544,71.3806
pretest_545,97.27038
pretest_546,240.53262
pretest_547,213.33792
pretest_548,293.77213
pretest_549,226.15707
pretest_550,103.18524
pretest_551,72.44083
pretest_552,221.53206
pretest_553,165.07724
pretest_554,218.44559
pretest_555,82.39577
pretest_556,219.41022
pretest_557,151.06677
pretest_558,228.8743
pretest_559,114.96177
pretest_560,119.39278
pretest_561,118.23681
pretest_562,115.491264
pretest_563,144.21777
pretest_564,72.15813
pretest_565,113.90208
pretest_566,164.07082
pretest_567,140.98871
pretest_568,154.96808
pretest_569,158.3949
pretest_570,181.55722
pretest_571,347.71292
pretest_572,69.92345
pretest_573,77.91017
pretest_574,216.92973
pretest_575,89.44085
pretest_576,107.234245
pretest_577,120.80399
pretest_578,110.13513
pretest_579,333.59583
pretest_580,183.56427
pretest_581,118.16944
pretest_582,97.36136
pretest_583,120.92445
pretest_584,250.51758
pretest_585,129.63884
pretest_586,166.96983
pretest_587,128.8379
pretest_588,69.405205
pretest_589,157.86049
pretest_590,148.55948
pretest_591,165.63159
pretest_592,166.3377
pretest_593,77.62641
pretest_594,73.10601
pretest_595,129.23743
pretest_596,79.756
pretest_597,72.705315
pretest_598,210.48665
pretest_599,161.29303
pretest_600,167.90031
pretest_601,199.90695
pretest_602,63.026897
pretest_603,252.43968
pretest_604,226.47638
pretest_605,62.03175
pretest_606,113.608
pretest_607,128.72865
pretest_608,157.82074
pretest_609,60.487457
pretest_610,97.19064
pretest_611,174.55753
pretest_612,102.437065
pretest_613,186.37564
pretest_614,171.03561
pretest_615,91.205376
pretest_616,120.52763
pretest_617,104.68906
pretest_618,244.2824
pretest_619,78.910095
pretest_620,95.39676
pretest_621,83.35953
pretest_622,57.68536
pretest_623,128.77916
pretest_624,160.50159
pretest_625,197.13492
pretest_626,247.48698
pretest_627,202.87343
pretest_628,225.99335
pretest_629,104.02614
pretest_630,96.07257
pretest_631,156.14612
pretest_632,74.5841
pretest_633,266.7861
pretest_634,63.644436
pretest_635,86.99364
pretest_636,148.4028
pretest_637,91.77494
pretest_638,193.24394
pretest_639,85.99246
pretest_640,79.33052
pretest_641,71.68782
pretest_642,90.98673
pretest_643,90.60198
pretest_644,393.9686
pretest_645,123.3892
pretest_646,110.66674
pretest_647,197.48607
pretest_648,135.09605
pretest_649,72.4774
pretest_650,200.3892
pretest_651,70.94098
pretest_652,141.71631
pretest_653,156.0415
pretest_654,152.70724
pretest_655,83.39001
pretest_656,101.519684
pretest_657,152.84323
pretest_658,226.89886
pretest_659,70.39254
pretest_660,204.10132
pretest_661,100.18027
pretest_662,68.18477
pretest_663,73.184784
pretest_664,126.91365
pretest_665,117.903854
pretest_666,151.1582
pretest_667,181.82068
pretest_668,73.139145
pretest_669,70.78888
pretest_670,68.86222
pretest_671,231.7711
pretest_672,157.8523
pretest_673,104.1114
pretest_674,85.644135
pretest_675,158.84612
pretest_676,146.37419
pretest_677,332.0843
pretest_678,188.4903
pretest_679,102.029724
pretest_680,77.53783
pretest_681,74.39716
pretest_682,83.156685
pretest_683,247.73694
pretest_684,102.374344
pretest_685,174.93066
pretest_686,236.6831
pretest_687,175.9998
pretest_688,209.17838
pretest_689,71.93922
pretest_690,243.8114
pretest_691,235.5494
pretest_692,90.95587
pretest_693,76.824295
pretest_694,115.6285
pretest_695,240.90382
pretest_696,115.45943
pretest_697,91.12069
pretest_698,182.50372
pretest_699,110.91884
pretest_700,227.11798
pretest_701,181.57979
pretest_702,124.6286
pretest_703,181.9896
pretest_704,79.79932
pretest_705,231.35086
pretest_706,108.55698
pretest_707,216.74567
pretest_708,155.36662
pretest_709,108.31298
pretest_710,134.65407
pretest_711,62.126125
pretest_712,68.224915
pretest_713,131.28195
pretest_714,120.37222
pretest_715,65.468445
pretest_716,91.49423
pretest_717,273.1673
pretest_718,324.21686
pretest_719,174.86147
pretest_720,85.69757
pretest_721,142.10593
pretest_722,200.7086
pretest_723,118.81181
pretest_724,82.32097
pretest_725,77.74682
pretest_726,183.22336
pretest_727,175.96521
pretest_728,214.42448
pretest_729,66.07431
pretest_730,84.75139
pretest_731,251.21896
pretest_732,75.6544
pretest_733,240.64438
pretest_734,67.27536
pretest_735,94.35414
pretest_736,159.13974
pretest_737,231.86035
pretest_738,299.924
pretest_739,149.3278
pretest_740,71.39166
pretest_741,72.8284
pretest_742,59.907864
pretest_743,121.394196
pretest_744,97.69869
pretest_745,201.38985
pretest_746,240.02914
pretest_747,190.02739
pretest_748,147.50977
pretest_749,109.94307
pretest_750,153.8703
pretest_751,110.16501
pretest_752,231.11314
pretest_753,96.60861
pretest_754,184.79272
pretest_755,220.44539
pretest_756,108.25627
pretest_757,89.02158
pretest_758,206.36234
pretest_759,143.39859
pretest_760,167.63193
pretest_761,219.7942
pretest_762,112.62109
pretest_763,74.610954
pretest_764,116.56191
pretest_765,148.23277
pretest_766,115.395966
pretest_767,357.1696
pretest_768,134.15598
pretest_769,92.62898
pretest_770,96.681404
pretest_771,112.675255
pretest_772,186.26865
pretest_773,69.3326
pretest_774,109.08353
pretest_775,140.87018
pretest_776,142.12927
pretest_777,138.24174
pretest_778,116.997444
pretest_779,196.81853
pretest_780,84.8526
pretest_781,96.16702
pretest_782,190.68617
pretest_783,77.431656
pretest_784,97.89661
pretest_785,207.48798
pretest_786,167.02843
pretest_787,85.872986
pretest_788,212.3045
pretest_789,144.64447
pretest_790,65.214355
pretest_791,136.64627
pretest_792,146.24239
pretest_793,96.107124
pretest_794,68.33171
pretest_795,72.812584
pretest_796,78.67629
pretest_797,98.38431
pretest_798,101.96708
pretest_799,63.909985
pretest_800,156.57959
pretest_801,294.47333
pretest_802,91.349365
pretest_803,59.132717
pretest_804,75.6051
pretest_805,116.296844
pretest_806,166.33386
pretest_807,204.63159
pretest_808,137.0205
pretest_809,126.57083
pretest_810,93.74696
pretest_811,179.22047
pretest_812,85.39688
pretest_813,116.25154
pretest_814,92.32785
pretest_815,299.87073
pretest_816,175.07715
pretest_817,106.381676
pretest_818,56.90292
pretest_819,223.25087
pretest_820,94.50861
pretest_821,247.48254
pretest_822,66.241875
pretest_823,110.964
pretest_824,188.45111
pretest_825,98.7977
pretest_826,81.7366
pretest_827,168.20848
pretest_828,67.10341
pretest_829,75.82639
pretest_830,93.94516
pretest_831,220.49913
pretest_832,90.96894
pretest_833,97.16576
pretest_834,119.220375
pretest_835,79.38122
pretest_836,200.02917
pretest_837,107.44902
pretest_838,99.007454
pretest_839,222.2271
pretest_840,64.04617
pretest_841,93.108826
pretest_842,144.82567
pretest_843,402.2731
pretest_844,152.09717
pretest_845,90.639565
pretest_846,208.78726
pretest_847,192.56421
pretest_848,93.793785
pretest_849,200.43712
pretest_850,124.894455
pretest_851,122.61127
pretest_852,151.76552
pretest_853,131.09102
pretest_854,133.79054
pretest_855,149.66402
pretest_856,183.9166
pretest_857,122.77572
pretest_858,189.34323
pretest_859,105.640236
pretest_860,247.77779
pretest_861,196.25383
pretest_862,71.05873
pretest_863,91.132706
pretest_864,66.92532
pretest_865,194.99947
pretest_866,80.037415
pretest_867,73.79771
pretest_868,184.6195
pretest_869,102.97302
pretest_870,146.92606
pretest_871,105.68708
pretest_872,72.01433
pretest_873,307.5753
pretest_874,217.05222
pretest_875,143.76776
pretest_876,173.96964
pretest_877,78.59253
pretest_878,94.64548
pretest_879,75.83038
pretest_880,147.26067
pretest_881,259.72635
pretest_882,159.77017
pretest_883,132.09454
pretest_884,136.37418
pretest_885,99.46637
pretest_886,72.6473
pretest_887,81.09634
pretest_888,97.51926
pretest_889,128.82417
pretest_890,193.12585
pretest_891,248.70558
pretest_892,109.83696
pretest_893,92.23247
pretest_894,360.74295
pretest_895,73.25195
pretest_896,95.718445
pretest_897,265.23187
pretest_898,75.282776
pretest_899,87.889305
pretest_900,133.79878
pretest_901,161.40884
pretest_902,74.12344
pretest_903,92.61462
pretest_904,85.30702
pretest_905,135.50128
pretest_906,122.168365
pretest_907,169.04176
pretest_908,103.661995
pretest_909,286.35886
pretest_910,120.09559
pretest_911,106.72017
pretest_912,157.11499
pretest_913,166.65848
pretest_914,82.302734
pretest_915,102.12689
pretest_916,147.10626
pretest_917,100.50364
pretest_918,87.42946
pretest_919,167.92064
pretest_920,184.77368
pretest_921,100.334335
pretest_922,134.59517
pretest_923,60.01721
pretest_924,70.24107
pretest_925,106.97718
pretest_926,93.8371
pretest_927,173.29196
pretest_928,57.174404
pretest_929,62.769955
pretest_930,102.072334
pretest_931,246.95471
pretest_932,67.081375
pretest_933,170.27225
pretest_934,121.42208
pretest_935,218.30913
pretest_936,145.04074
pretest_937,99.97128
pretest_938,175.1035
pretest_939,135.38727
pretest_940,234.2398
pretest_941,98.58783
pretest_942,226.33755
pretest_943,79.93024
pretest_944,207.0921
pretest_945,74.63205
pretest_946,350.49033
pretest_947,267.19208
pretest_948,118.52475
pretest_949,113.26343
pretest_950,154.52805
pretest_951,95.55945
pretest_952,128.41708
pretest_953,175.84451
pretest_954,233.40582
pretest_955,163.30435
pretest_956,216.21002
pretest_957,94.06976
pretest_958,70.420685
pretest_959,74.6479
pretest_960,231.02019
pretest_961,151.17792
pretest_962,109.25541
pretest_963,81.06371
pretest_964,68.37467
pretest_965,102.468925
pretest_966,116.72371
pretest_967,91.77743
pretest_968,192.63438
pretest_969,84.39954
pretest_970,104.71414
pretest_971,73.520996
pretest_972,114.339096
pretest_973,264.46823
pretest_974,91.42268
pretest_975,222.7956
pretest_976,86.7737
pretest_977,119.22623
pretest_978,135.89445
pretest_979,111.85556
pretest_980,247.67302
pretest_981,66.1584
pretest_982,144.62234
pretest_983,172.33818
pretest_984,236.86536
pretest_985,118.00145
pretest_986,233.98782
pretest_987,27.775204
pretest_988,311.88077
pretest_989,74.91972
pretest_990,97.517235
pretest_991,363.1178
pretest_992,88.69254
pretest_993,101.4834
pretest_994,100.00249
pretest_995,65.15234
pretest_996,160.13295
pretest_997,198.35767
pretest_998,82.20758
pretest_999,134.38249
pretest_1000,139.46817
pretest_1001,60.836422
pretest_1002,168.19673
pretest_1003,81.250595
pretest_1004,61.545376
pretest_1005,87.96576
pretest_1006,107.91904
pretest_1007,92.4274
pretest_1008,59.56779
pretest_1009,125.82995
pretest_1010,142.45255
pretest_1011,103.84903
pretest_1012,179.97116
pretest_1013,194.1579
pretest_1014,104.618126
pretest_1015,197.61862
pretest_1016,69.65567
pretest_1017,101.62404
pretest_1018,124.35663
pretest_1019,137.52724
pretest_1020,78.5092
pretest_1021,109.043564
pretest_1022,73.88662
pretest_1023,93.69858
pretest_1024,82.055595
pretest_1025,73.507034
pretest_1026,338.06482
pretest_1027,76.82651
pretest_1028,216.07744
pretest_1029,155.41432
pretest_1030,338.2119
pretest_1031,69.56275
pretest_1032,93.46516
pretest_1033,85.63547
pretest_1034,86.19681
pretest_1035,109.526184
pretest_1036,78.299866
pretest_1037,58.47726
pretest_1038,71.06656
pretest_1039,63.41717
pretest_1040,105.48125
pretest_1041,103.47395
pretest_1042,74.8172
pretest_1043,89.51384
pretest_1044,268.90042
pretest_1045,74.66559
pretest_1046,167.48457
pretest_1047,67.01811
pretest_1048,84.0918
pretest_1049,109.56652
pretest_1050,90.07907
pretest_1051,200.04433
pretest_1052,116.21595
pretest_1053,186.43613
pretest_1054,122.713196
pretest_1055,194.68666
pretest_1056,93.645004
pretest_1057,209.2632
pretest_1058,150.06845
pretest_1059,209.55309
pretest_1060,93.40425
pretest_1061,250.96634
pretest_1062,89.53759
pretest_1063,149.79742
pretest_1064,70.1517
pretest_1065,180.47792
pretest_1066,122.41747
pretest_1067,73.64187
pretest_1068,117.76245
pretest_1069,176.43898
pretest_1070,118.65534
pretest_1071,123.33281
pretest_1072,66.34143
pretest_1073,167.22539
pretest_1074,172.0591
pretest_1075,79.60792
pretest_1076,154.10951
pretest_1077,110.8186
pretest_1078,92.47562
pretest_1079,91.51832
pretest_1080,124.504234
pretest_1081,78.216034
pretest_1082,329.90717
pretest_1083,95.28799
pretest_1084,79.594376
pretest_1085,103.37988
pretest_1086,111.227615
pretest_1087,93.71547
pretest_1088,66.373604
pretest_1089,86.82077
pretest_1090,74.81317
pretest_1091,205.49217
pretest_1092,211.15643
pretest_1093,175.71634
pretest_1094,63.546993
pretest_1095,74.46148
pretest_1096,236.14981
pretest_1097,132.45316
pretest_1098,324.61044
pretest_1099,203.14676
pretest_1100,66.34137
pretest_1101,170.02928
pretest_1102,73.46168
pretest_1103,73.69055
pretest_1104,131.69208
pretest_1105,107.19005
pretest_1106,75.033615
pretest_1107,132.06674
pretest_1108,121.24803
pretest_1109,59.161785
pretest_1110,223.03369
pretest_1111,278.3784
pretest_1112,176.88278
pretest_1113,64.90697
pretest_1114,72.86969
pretest_1115,68.43938
pretest_1116,86.16161
pretest_1117,97.98584
pretest_1118,78.50972
pretest_1119,108.34452
pretest_1120,93.04515
pretest_1121,176.37692
pretest_1122,220.7189
pretest_1123,65.99071
pretest_1124,170.34642
pretest_1125,196.33694
pretest_1126,86.10185
pretest_1127,168.45255
pretest_1128,75.52789
pretest_1129,106.9521
pretest_1130,216.00798
pretest_1131,240.4916
pretest_1132,77.232895
pretest_1133,194.65427
pretest_1134,203.7082
pretest_1135,75.39804
pretest_1136,110.06369
pretest_1137,128.15825
pretest_1138,118.56125
pretest_1139,75.6952
pretest_1140,100.29699
pretest_1141,100.382355
pretest_1142,69.82293
pretest_1143,83.428955
pretest_1144,329.0596
pretest_1145,100.150505
pretest_1146,248.3119
pretest_1147,215.32153
pretest_1148,180.4007
pretest_1149,109.46805
pretest_1150,162.29488
pretest_1151,170.46388
pretest_1152,140.3656
pretest_1153,79.59747
pretest_1154,168.57541
pretest_1155,106.67972
pretest_1156,76.872406
pretest_1157,109.84969
pretest_1158,60.85351
pretest_1159,68.247444
pretest_1160,130.29245
pretest_1161,61.865856
pretest_1162,78.24228
pretest_1163,129.73584
pretest_1164,180.13051
pretest_1165,253.1617
pretest_1166,68.16678
pretest_1167,108.53308
pretest_1168,123.84743
pretest_1169,105.14025
pretest_1170,152.46996
pretest_1171,236.48242
pretest_1172,76.86398
pretest_1173,113.30989
pretest_1174,126.022385
pretest_1175,224.05168
pretest_1176,118.82285
pretest_1177,174.059
pretest_1178,152.55481
pretest_1179,109.81743
pretest_1180,139.26627
pretest_1181,92.34691
pretest_1182,77.469406
pretest_1183,100.407425
pretest_1184,128.11127
pretest_1185,94.14435
pretest_1186,218.30368
pretest_1187,134.79614
pretest_1188,194.39114
pretest_1189,115.195625
pretest_1190,60.992397
pretest_1191,215.5706
pretest_1192,106.74053
pretest_1193,229.31036
pretest_1194,207.00566
pretest_1195,282.68097
pretest_1196,216.84329
pretest_1197,114.00352
pretest_1198,146.82333
pretest_1199,92.14795
pretest_1200,78.108185
pretest_1201,162.26118
pretest_1202,100.44513
pretest_1203,156.25975
pretest_1204,123.56304
pretest_1205,270.02823
pretest_1206,81.827354
pretest_1207,81.619156
pretest_1208,276.0819
pretest_1209,65.15105
pretest_1210,120.9426
pretest_1211,91.32521
pretest_1212,131.87202
pretest_1213,77.94168
pretest_1214,132.09982
pretest_1215,78.929405
pretest_1216,292.19037
pretest_1217,153.79703
pretest_1218,186.61136
pretest_1219,191.48645
pretest_1220,89.249596
pretest_1221,101.29715
pretest_1222,87.461174
pretest_1223,215.68414
pretest_1224,70.04019
pretest_1225,99.894684
pretest_1226,172.23781
pretest_1227,124.006485
pretest_1228,80.59677
pretest_1229,89.007095
pretest_1230,190.9622
pretest_1231,73.85823
pretest_1232,174.60428
pretest_1233,162.56046
pretest_1234,68.386765
pretest_1235,106.02362
pretest_1236,149.3146
pretest_1237,408.3828
pretest_1238,80.61254
pretest_1239,78.62323
pretest_1240,184.60861
pretest_1241,154.74274
pretest_1242,82.576965
pretest_1243,108.44064
pretest_1244,108.12209
pretest_1245,60.133587
pretest_1246,79.82763
pretest_1247,102.640335
pretest_1248,149.45206
pretest_1249,147.53223
pretest_1250,181.98221
pretest_1251,78.382454
pretest_1252,183.7703
pretest_1253,70.676636
pretest_1254,112.567535
pretest_1255,192.68597
pretest_1256,208.3985
pretest_1257,83.17791
pretest_1258,70.88314
pretest_1259,191.11714
pretest_1260,93.01922
pretest_1261,235.86133
pretest_1262,53.738018
pretest_1263,348.182
pretest_1264,108.29446
pretest_1265,160.71802
pretest_1266,63.713806
pretest_1267,141.77371
pretest_1268,119.38391
pretest_1269,107.10706
pretest_1270,98.20984
pretest_1271,68.14888
pretest_1272,275.03165
pretest_1273,60.674557
pretest_1274,166.66327
pretest_1275,97.510864
pretest_1276,142.66049
pretest_1277,92.46768
pretest_1278,57.604702
pretest_1279,94.4218
pretest_1280,178.15572
pretest_1281,149.99408
pretest_1282,141.66692
pretest_1283,70.90082
pretest_1284,111.026375
pretest_1285,160.88661
pretest_1286,67.73943
pretest_1287,101.402245
pretest_1288,190.48708
pretest_1289,87.167404
pretest_1290,89.75993
pretest_1291,103.20857
pretest_1292,203.45428
pretest_1293,101.24478
pretest_1294,69.901245
pretest_1295,247.73592
pretest_1296,149.02383
pretest_1297,259.6796
pretest_1298,67.666336
pretest_1299,78.565155
pretest_1300,159.32248
pretest_1301,89.50016
pretest_1302,63.84602
pretest_1303,78.58859
pretest_1304,102.168755
pretest_1305,95.02072
pretest_1306,68.77987
pretest_1307,98.28586
pretest_1308,196.47597
pretest_1309,145.2674
pretest_1310,192.18256
pretest_1311,104.5878
pretest_1312,103.84518
pretest_1313,94.692535
pretest_1314,95.35275
pretest_1315,69.03691
pretest_1316,113.4207
pretest_1317,61.46362
pretest_1318,107.702484
pretest_1319,116.280014
pretest_1320,116.223434
pretest_1321,322.75497
pretest_1322,69.66603
pretest_1323,127.74848
pretest_1324,126.8085
pretest_1325,76.84401
pretest_1326,122.93353
pretest_1327,154.1662
pretest_1328,169.64722
pretest_1329,243.44217
pretest_1330,170.61427
pretest_1331,66.315994
pretest_1332,130.57411
pretest_1333,73.96582
pretest_1334,114.742294
pretest_1335,97.62026
pretest_1336,52.24679
pretest_1337,121.78616
pretest_1338,102.80828
pretest_1339,99.37705
pretest_1340,104.316864
pretest_1341,105.88802
pretest_1342,137.17996
pretest_1343,77.94574
pretest_1344,162.9766
pretest_1345,107.42508
pretest_1346,89.5717
pretest_1347,93.00369
pretest_1348,231.51341
pretest_1349,110.410416
pretest_1350,83.28179
pretest_1351,165.25035
pretest_1352,84.690735
pretest_1353,70.41307
pretest_1354,67.78802
pretest_1355,94.69061
pretest_1356,66.606705
pretest_1357,62.840977
pretest_1358,162.89954
pretest_1359,176.31781
pretest_1360,100.67932
pretest_1361,231.54214
pretest_1362,158.68822
pretest_1363,109.76547
pretest_1364,44.804623
pretest_1365,109.17643
pretest_1366,102.92227
pretest_1367,108.3808
pretest_1368,191.45232
pretest_1369,86.47654
pretest_1370,158.57373
pretest_1371,166.72273
pretest_1372,230.06415
pretest_1373,75.74942
pretest_1374,99.48091
pretest_1375,137.88779
pretest_1376,91.583984
pretest_1377,190.83928
pretest_1378,251.81381
pretest_1379,145.80365
pretest_1380,273.47592
pretest_1381,139.09111
pretest_1382,99.539734
pretest_1383,98.80562
pretest_1384,67.194145
pretest_1385,210.03804
pretest_1386,136.84016
pretest_1387,107.32038
pretest_1388,267.19086
pretest_1389,111.98308
pretest_1390,193.45766
pretest_1391,84.82768
pretest_1392,225.53845
pretest_1393,176.17972
pretest_1394,152.71593
pretest_1395,81.33484
pretest_1396,114.58972
pretest_1397,264.7751
pretest_1398,85.00865
pretest_1399,140.50444
pretest_1400,99.55869
pretest_1401,237.23442
pretest_1402,193.3984
pretest_1403,63.473415
pretest_1404,121.50391
pretest_1405,247.7105
pretest_1406,173.30057
pretest_1407,115.90378
pretest_1408,137.56494
pretest_1409,70.35535
pretest_1410,96.506485
pretest_1411,91.65592
pretest_1412,116.25705
pretest_1413,112.86848
pretest_1414,64.01776
pretest_1415,125.49756
pretest_1416,168.54141
pretest_1417,60.330654
pretest_1418,73.96512
pretest_1419,267.5353
pretest_1420,210.56192
pretest_1421,90.71007
pretest_1422,66.49159
pretest_1423,278.0419
pretest_1424,69.22998
pretest_1425,134.63794
pretest_1426,133.60663
pretest_1427,69.54172
pretest_1428,124.671295
pretest_1429,70.13631
pretest_1430,123.80136
pretest_1431,72.85135
pretest_1432,110.98751
pretest_1433,159.74464
pretest_1434,80.68201
pretest_1435,243.51279
pretest_1436,153.07967
pretest_1437,89.205185
pretest_1438,152.77455
pretest_1439,378.67758
pretest_1440,172.45866
pretest_1441,141.00705
pretest_1442,240.31677
pretest_1443,166.8088
pretest_1444,158.32022
pretest_1445,231.0718
pretest_1446,69.40661
pretest_1447,155.63843
pretest_1448,169.21164
pretest_1449,73.84198
pretest_1450,62.711926
pretest_1451,69.218
pretest_1452,67.16586
pretest_1453,164.79117
pretest_1454,215.35477
pretest_1455,182.23225
pretest_1456,269.85873
pretest_1457,133.94176
pretest_1458,65.0343
pretest_1459,176.13354
pretest_1460,83.84367
pretest_1461,108.51347
pretest_1462,95.47783
pretest_1463,90.25195
pretest_1464,147.62436
pretest_1465,80.03267
pretest_1466,219.16098
pretest_1467,113.205414
pretest_1468,95.12138
pretest_1469,235.41547
pretest_1470,345.825
pretest_1471,61.299923
pretest_1472,167.81627
pretest_1473,71.16417
pretest_1474,67.65202
pretest_1475,100.58637
pretest_1476,88.84473
pretest_1477,94.12422
pretest_1478,75.18625
pretest_1479,202.5852
pretest_1480,166.48053
pretest_1481,86.208206
pretest_1482,149.74991
pretest_1483,87.19435
pretest_1484,86.06194
pretest_1485,150.13214
pretest_1486,60.466213
pretest_1487,91.14906
pretest_1488,291.0457
pretest_1489,74.47693
pretest_1490,96.11789
pretest_1491,220.80856
pretest_1492,72.525024
pretest_1493,87.46249
pretest_1494,321.86752
pretest_1495,120.15716
pretest_1496,73.08525
pretest_1497,74.31672
pretest_1498,160.83199
pretest_1499,102.07765
pretest_1500,118.851364
pretest_1501,42.13464
pretest_1502,62.41905
pretest_1503,74.92575
pretest_1504,56.25343
pretest_1505,42.208797
pretest_1506,54.133205
pretest_1507,31.299252
pretest_1508,23.257565
pretest_1509,43.696163
pretest_1510,56.217342
pretest_1511,55.14047
pretest_1512,55.973873
pretest_1513,58.06384
pretest_1514,50.608486
pretest_1515,59.93368
pretest_1516,49.188473
pretest_1517,58.903957
pretest_1518,67.13617
pretest_1519,48.269253
pretest_1520,43.349377
pretest_1521,63.59451
pretest_1522,47.199047
pretest_1523,94.46188
pretest_1524,42.51904
pretest_1525,57.5843
pretest_1526,54.221355
pretest_1527,55.658604
pretest_1528,74.47055
pretest_1529,40.654934
pretest_1530,51.52131
pretest_1531,52.898373
pretest_1532,36.734585
pretest_1533,36.38003
pretest_1534,31.331997
pretest_1535,28.654842
pretest_1536,65.62924
pretest_1537,60.603405
pretest_1538,53.52432
pretest_1539,53.312572
pretest_1540,55.398434
pretest_1541,59.527233
pretest_1542,76.60687
pretest_1543,58.631496
pretest_1544,69.6633
pretest_1545,73.03354
pretest_1546,51.131176
pretest_1547,53.19003
pretest_1548,66.51947
pretest_1549,36.711025
pretest_1550,47.51974
pretest_1551,45.21008
pretest_1552,68.87103
pretest_1553,56.31088
pretest_1554,163.87631
pretest_1555,49.444256
pretest_1556,75.88986
pretest_1557,54.443752
pretest_1558,51.743492
pretest_1559,37.87179
pretest_1560,45.99441
pretest_1561,52.59695
pretest_1562,54.05856
pretest_1563,49.834682
pretest_1564,58.4026
pretest_1565,51.386562
pretest_1566,63.14291
pretest_1567,61.458424
pretest_1568,62.18594
pretest_1569,114.61708
pretest_1570,69.877014
pretest_1571,41.57809
pretest_1572,60.00973
pretest_1573,49.979275
pretest_1574,57.707302
pretest_1575,54.587124
pretest_1576,54.970425
pretest_1577,60.146145
pretest_1578,57.27777
pretest_1579,42.738552
pretest_1580,33.71017
pretest_1581,71.06595
pretest_1582,123.37277
pretest_1583,53.48791
pretest_1584,39.738003
pretest_1585,50.566982
pretest_1586,73.520966
pretest_1587,41.25436
pretest_1588,98.37802
pretest_1589,35.938503
pretest_1590,95.1788
pretest_1591,43.94623
pretest_1592,83.24936
pretest_1593,66.48135
pretest_1594,40.38313
pretest_1595,47.64786
pretest_1596,30.618221
pretest_1597,42.423443
pretest_1598,35.002834
pretest_1599,69.66794
pretest_1600,42.847805
pretest_1601,52.458553
pretest_1602,47.411205
pretest_1603,51.425198
pretest_1604,81.18112
pretest_1605,47.95393
pretest_1606,49.369816
pretest_1607,78.895676
pretest_1608,78.08469
pretest_1609,51.593655
pretest_1610,51.622097
pretest_1611,58.879086
pretest_1612,42.50027
pretest_1613,49.298214
pretest_1614,40.294216
pretest_1615,118.03842
pretest_1616,54.752956
pretest_1617,90.07211
pretest_1618,-14.035068
pretest_1619,56.37173
pretest_1620,67.83499
pretest_1621,41.489864
pretest_1622,46.264492
pretest_1623,43.477505
pretest_1624,55.31161
pretest_1625,90.647
pretest_1626,57.357937
pretest_1627,65.7231
pretest_1628,37.68591
pretest_1629,45.65292
pretest_1630,35.512844
pretest_1631,46.121243
pretest_1632,56.828335
pretest_1633,55.069042
pretest_1634,66.205444
pretest_1635,43.668446
pretest_1636,57.04678
pretest_1637,33.317257
pretest_1638,54.338467
pretest_1639,64.01857
pretest_1640,56.12811
pretest_1641,47.77995
pretest_1642,86.34129
pretest_1643,50.60213
pretest_1644,54.60162
pretest_1645,68.89761
pretest_1646,78.019806
pretest_1647,59.978664
pretest_1648,31.031979
pretest_1649,56.59225
pretest_1650,45.89062
pretest_1651,59.697445
pretest_1652,68.41641
pretest_1653,40.807735
pretest_1654,60.81381
pretest_1655,40.87898
pretest_1656,55.568768
pretest_1657,37.965786
pretest_1658,43.196743
pretest_1659,58.775738
pretest_1660,24.341244
pretest_1661,55.76916
pretest_1662,46.05209
pretest_1663,44.063198
pretest_1664,33.42898
pretest_1665,55.920773
pretest_1666,27.511135
pretest_1667,59.63673
pretest_1668,32.05572
pretest_1669,58.922466
pretest_1670,63.576015
pretest_1671,48.6141
pretest_1672,41.052456
pretest_1673,50.365078
pretest_1674,75.90384
pretest_1675,75.47177
pretest_1676,22.467007
pretest_1677,60.84231
pretest_1678,56.748318
pretest_1679,63.165585
pretest_1680,53.034176
pretest_1681,59.186314
pretest_1682,38.9772
pretest_1683,63.14252
pretest_1684,38.67938
pretest_1685,42.662075
pretest_1686,48.227352
pretest_1687,48.19125
pretest_1688,61.727947
pretest_1689,44.045345
pretest_1690,43.28796
pretest_1691,42.484356
pretest_1692,44.03346
pretest_1693,56.25932
pretest_1694,56.19241
pretest_1695,51.406765
pretest_1696,51.753872
pretest_1697,38.6638
pretest_1698,46.2391
pretest_1699,48.807858
pretest_1700,45.636517
pretest_1701,47.643017
pretest_1702,70.00534
pretest_1703,47.96069
pretest_1704,51.67599
pretest_1705,64.59457
pretest_1706,52.954983
pretest_1707,57.843105
pretest_1708,39.092556
pretest_1709,41.027584
pretest_1710,57.484753
pretest_1711,88.23776
pretest_1712,55.107586
pretest_1713,43.03497
pretest_1714,58.274227
pretest_1715,73.48544
pretest_1716,48.293667
pretest_1717,52.58978
pretest_1718,51.21871
pretest_1719,37.825924
pretest_1720,81.19122
pretest_1721,39.772366
pretest_1722,54.28268
pretest_1723,101.7225
pretest_1724,39.773006
pretest_1725,52.74365
pretest_1726,53.053677
pretest_1727,86.78824
pretest_1728,57.698086
pretest_1729,82.52731
pretest_1730,52.553158
pretest_1731,36.41641
pretest_1732,62.009365
pretest_1733,58.27804
pretest_1734,76.60023
pretest_1735,72.48465
pretest_1736,32.737392
pretest_1737,37.129665
pretest_1738,52.74429
pretest_1739,66.405396
pretest_1740,72.55319
pretest_1741,35.545864
pretest_1742,37.442684
pretest_1743,53.872204
pretest_1744,54.533733
pretest_1745,39.00433
pretest_1746,41.1078
pretest_1747,70.88931
pretest_1748,79.289154
pretest_1749,77.9874
pretest_1750,48.27429
pretest_1751,97.73239
pretest_1752,50.053402
pretest_1753,62.128384
pretest_1754,54.127377
pretest_1755,38.639492
pretest_1756,77.02719
pretest_1757,81.40512
pretest_1758,29.523037
pretest_1759,46.03845
pretest_1760,86.514496
pretest_1761,65.54462
pretest_1762,52.334137
pretest_1763,49.515438
pretest_1764,66.305664
pretest_1765,54.932125
pretest_1766,47.64465
pretest_1767,17.576534
pretest_1768,10.201077
pretest_1769,84.771576
pretest_1770,79.53323
pretest_1771,69.02199
pretest_1772,99.712494
pretest_1773,77.21933
pretest_1774,68.24246
pretest_1775,63.627224
pretest_1776,45.922085
pretest_1777,50.602657
pretest_1778,75.516815
pretest_1779,55.807034
pretest_1780,71.19449
pretest_1781,57.330196
pretest_1782,73.58078
pretest_1783,38.843227
pretest_1784,48.989002
pretest_1785,36.721035
pretest_1786,76.1461
pretest_1787,47.991737
pretest_1788,64.939606
pretest_1789,41.723415
pretest_1790,45.623196
pretest_1791,52.459377
pretest_1792,46.577175
pretest_1793,45.195995
pretest_1794,73.64731
pretest_1795,46.983974
pretest_1796,56.650387
pretest_1797,50.257645
pretest_1798,47.81985
pretest_1799,77.189545
pretest_1800,36.08148
pretest_1801,55.588825
pretest_1802,85.11659
pretest_1803,50.84248
pretest_1804,67.53964
pretest_1805,48.8511
pretest_1806,86.13071
pretest_1807,51.09457
pretest_1808,49.57446
pretest_1809,69.137115
pretest_1810,58.332653
pretest_1811,74.18759
pretest_1812,61.504543
pretest_1813,48.710217
pretest_1814,173.35825
pretest_1815,6.128873
pretest_1816,86.61325
pretest_1817,88.83652
pretest_1818,54.844803
pretest_1819,41.82304
pretest_1820,58.51446
pretest_1821,45.191677
pretest_1822,61.984375
pretest_1823,47.76399
pretest_1824,71.587524
pretest_1825,48.14391
pretest_1826,35.583523
pretest_1827,35.247128
pretest_1828,47.198833
pretest_1829,49.84701
pretest_1830,99.14249
pretest_1831,62.51721
pretest_1832,68.66177
pretest_1833,57.221462
pretest_1834,35.898495
pretest_1835,47.670284
pretest_1836,52.010616
pretest_1837,92.15616
pretest_1838,80.424286
pretest_1839,46.43339
pretest_1840,39.566128
pretest_1841,56.140835
pretest_1842,65.95334
pretest_1843,58.891323
pretest_1844,51.091137
pretest_1845,88.0986
pretest_1846,85.25778
pretest_1847,48.023098
pretest_1848,53.791897
pretest_1849,56.726223
pretest_1850,114.46689
pretest_1851,55.457592
pretest_1852,69.190765
pretest_1853,53.30808
pretest_1854,59.21652
pretest_1855,51.393925
pretest_1856,36.382473
pretest_1857,44.233868
pretest_1858,70.411865
pretest_1859,113.70871
pretest_1860,74.05664
pretest_1861,70.34741
pretest_1862,36.607204
pretest_1863,61.045254
pretest_1864,59.02673
pretest_1865,65.57156
pretest_1866,54.385555
pretest_1867,38.30969
pretest_1868,76.55905
pretest_1869,74.73752
pretest_1870,84.78439
pretest_1871,57.243862
pretest_1872,65.19766
pretest_1873,43.423855
pretest_1874,83.46451
pretest_1875,48.19335
pretest_1876,53.728542
pretest_1877,62.234615
pretest_1878,29.934414
pretest_1879,39.754604
pretest_1880,60.239407
pretest_1881,31.719143
pretest_1882,117.85751
pretest_1883,58.327084
pretest_1884,46.04121
pretest_1885,76.561615
pretest_1886,70.05917
pretest_1887,87.77847
pretest_1888,51.26675
pretest_1889,59.923977
pretest_1890,46.807095
pretest_1891,42.83401
pretest_1892,52.003292
pretest_1893,45.399258
pretest_1894,40.506252
pretest_1895,44.68838
pretest_1896,49.119534
pretest_1897,66.27673
pretest_1898,62.679295
pretest_1899,56.749294
pretest_1900,22.78555
pretest_1901,42.80557
pretest_1902,71.89426
pretest_1903,48.565136
pretest_1904,55.912197
pretest_1905,58.063904
pretest_1906,71.19296
pretest_1907,37.50491
pretest_1908,42.153877
pretest_1909,50.95492
pretest_1910,63.59901
pretest_1911,58.1804
pretest_1912,41.59618
pretest_1913,41.25436
pretest_1914,30.12933
pretest_1915,56.810017
pretest_1916,45.71763
pretest_1917,33.912014
pretest_1918,59.186977
pretest_1919,49.84405
pretest_1920,36.635708
pretest_1921,46.97906
pretest_1922,40.112698
pretest_1923,35.220646
pretest_1924,63.244656
pretest_1925,35.564632
pretest_1926,46.454933
pretest_1927,80.76584
pretest_1928,59.60095
pretest_1929,52.117344
pretest_1930,96.487274
pretest_1931,71.87088
pretest_1932,47.109158
pretest_1933,51.201443
pretest_1934,42.34239
pretest_1935,46.903694
pretest_1936,77.01889
pretest_1937,30.63235
pretest_1938,58.136166
pretest_1939,72.86594
pretest_1940,65.17764
pretest_1941,55.394695
pretest_1942,84.36966
pretest_1943,25.87695
pretest_1944,50.181606
pretest_1945,57.41
pretest_1946,52.487087
pretest_1947,74.85776
pretest_1948,35.194607
pretest_1949,55.195568
pretest_1950,60.07046
pretest_1951,60.396023
pretest_1952,197.75034
pretest_1953,54.355915
pretest_1954,55.221523
pretest_1955,67.19272
pretest_1956,48.92761
pretest_1957,55.396908
pretest_1958,61.10458
pretest_1959,51.440823
pretest_1960,61.776485
pretest_1961,50.078773
pretest_1962,66.0332
pretest_1963,57.01675
pretest_1964,45.9294
pretest_1965,30.264126
pretest_1966,45.52554
pretest_1967,83.84724
pretest_1968,46.94505
pretest_1969,50.93954
pretest_1970,51.213177
pretest_1971,45.548203
pretest_1972,50.037586
pretest_1973,42.622173
pretest_1974,35.997555
pretest_1975,48.931118
pretest_1976,104.116425
pretest_1977,140.44528
pretest_1978,58.420544
pretest_1979,41.967495
pretest_1980,111.50961
pretest_1981,59.96632
pretest_1982,42.312283
pretest_1983,53.463863
pretest_1984,80.39609
pretest_1985,43.181545
pretest_1986,67.92137
pretest_1987,45.104397
pretest_1988,85.26987
pretest_1989,74.76065
pretest_1990,23.926601
pretest_1991,57.10989
pretest_1992,40.281887
pretest_1993,63.926517
pretest_1994,49.97804
pretest_1995,60.44836
pretest_1996,54.263607
pretest_1997,50.756557
pretest_1998,43.271328
pretest_1999,51.60336
pretest_2000,52.284466
